2101,Salan, Leola,lsalan0@rediff.com,121.157.116.182
2103,Oldroyde, Garnette,goldroyde2@quantcast.com,171.127.122.217
2107,Merrington, Jaimie,jmerrington6@fc2.com,171.76.230.164
2111,Hamfleet, Casar,chamfleeta@gmpg.org,161.167.187.57
2117,Lardnar, Corliss,clardnarg@sfgate.com,191.53.150.140
2125,Bonnet, Jada,jbonneto@twitpic.com,204.69.114.6
2127,Shercliff, Rudolf,rshercliffq@storify.com,131.228.105.30
2129,Frankham, Emalia,efrankhams@earthlink.net,251.217.81.240
2133,Farherty, Margie,mfarhertyw@ifeng.com,117.117.54.252
2135,Eymer, Bryana,beymery@theguardian.com,192.184.29.107
2137,Montford, Erica,emontford10@boston.com,47.34.156.39
2143,Reeks, Joey,jreeks16@narod.ru,64.5.22.88
2147,Deinhardt, Gwen,gdeinhardt1a@who.int,152.245.121.143
2149,Dilloway, Sophia,sdilloway1c@youtube.com,182.79.157.182
2151,Smidmor, Sibbie,ssmidmor1e@reddit.com,241.222.213.90
2155,Divis, Sadie,sdivis1i@amazon.com,57.149.215.31
2157,Philipet, Ariella,aphilipet1k@alibaba.com,16.48.74.96
2159,Edghinn, Biddy,bedghinn1m@wufoo.com,25.50.189.130
2163,Pykerman, Violante,vpykerman1q@e-recht24.de,142.190.242.151
2171,Gillanders, Jacenta,jgillanders1y@chronoengine.com,235.123.84.95
2173,Gaspar, Hettie,hgaspar20@mayoclinic.com,171.135.59.233
2175,Ramel, Emmie,eramel22@purevolume.com,187.196.112.231
2177,Chattington, Joyous,jchattington24@foxnews.com,166.185.160.170
2181,Akerman, Simmonds,sakerman28@house.gov,125.121.5.73
2185,Cawthorne, Angelita,acawthorne2c@exblog.jp,160.210.200.170
2189,Paylie, Missy,mpaylie2g@freewebs.com,12.101.225.247
2191,Shrimpton, Arielle,ashrimpton2i@google.ru,140.106.189.99
2193,Simonett, Barbara,bsimonett2k@cbsnews.com,34.152.62.217
2197,Iacobini, Cynthy,ciacobini2o@mediafire.com,246.150.94.234
2207,Vittery, Patty,pvittery2y@e-recht24.de,90.193.120.11
2211,Traviss, Danica,dtraviss32@redcross.org,209.76.143.90
2215,Autry, Lynn,lautry36@hp.com,17.57.195.168
2219,Frankel, Dulcia,dfrankel3a@umn.edu,164.229.133.195
2221,Quest, Lesya,lquest3c@unc.edu,153.105.176.107
2223,Briskey, Amberly,abriskey3e@webmd.com,60.160.154.148
2227,Halpeine, Natka,nhalpeine3i@globo.com,48.71.216.3
2229,Brandham, Viva,vbrandham3k@themeforest.net,63.133.229.144
2235,Stanett, Joletta,jstanett3q@360.cn,207.126.186.47
2243,Gonzalo, Olympe,ogonzalo3y@sogou.com,16.108.142.8
2245,Bridgland, Kit,kbridgland40@ycombinator.com,224.87.201.222
2247,Dain, Easter,edain42@creativecommons.org,35.3.205.60
2251,Joul, Eugenia,ejoul46@nba.com,138.189.161.181
2253,Gooddie, Robbin,rgooddie48@thetimes.co.uk,63.252.118.185
2257,McSperrin, Tandie,tmcsperrin4c@intel.com,97.179.20.126
2261,Weatherhead, Camilla,cweatherhead4g@cdc.gov,23.254.66.123
2263,Tedder, Anya,atedder4i@vkontakte.ru,206.163.137.198
2267,Goullee, Hyacinthia,hgoullee4m@google.fr,113.8.67.221
2273,Ferrarin, Clea,cferrarin4s@wordpress.com,192.235.66.192
2275,Eicheler, Siobhan,seicheler4u@wikia.com,72.191.67.115
2277,Cherry, Candis,ccherry4w@google.co.jp,120.78.13.162
2281,Larmor, Bessy,blarmor50@elegantthemes.com,240.250.35.153
2285,Korb, Doreen,dkorb54@usatoday.com,50.85.16.118
2287,Simeonov, Cinda,csimeonov56@facebook.com,61.244.72.47
2289,Charlot, Karlotte,kcharlot58@wikipedia.org,87.176.13.161
2291,Robbie, Allyn,arobbie5a@people.com.cn,43.183.226.100
2297,Petracek, Lani,lpetracek5g@indiegogo.com,232.173.148.243
2299,Antonomoli, Shoshana,santonomoli5i@ed.gov,5.119.63.215
2301,McOrkill, Dacy,dmcorkill5k@angelfire.com,142.216.165.178
2303,Petyt, Anallise,apetyt5m@wisc.edu,255.184.2.34
2309,Lovie, Adelaide,alovie5s@mapquest.com,152.20.233.82
2313,Dionisetto, Noelyn,ndionisetto5w@unicef.org,223.212.136.145
2315,Sorby, Friederike,fsorby5y@addtoany.com,165.41.123.98
2317,Popelay, Edin,epopelay60@epa.gov,221.225.156.135
2319,Fosten, Darb,dfosten62@prweb.com,47.191.207.194
2323,Asche, Cathi,casche66@barnesandnoble.com,202.25.48.54
2327,Blincko, Vinnie,vblincko6a@indiegogo.com,174.81.119.185
2335,Brinson, Shay,sbrinson6i@mozilla.org,20.70.245.99
2337,Sturgis, Cortney,csturgis6k@umich.edu,24.204.2.210
2343,Edens, Blithe,bedens6q@gnu.org,73.139.76.230
2347,Cussen, Fernande,fcussen6u@reddit.com,34.71.168.167
2351,Spinige, Laurel,lspinige6y@hibu.com,140.103.42.116
2355,Dransfield, Harriette,hdransfield72@domainmarket.com,9.17.242.123
2359,Nitto, Ranee,rnitto76@cloudflare.com,205.67.119.91
2363,Gainsbury, Philippe,pgainsbury7a@latimes.com,48.168.235.144
2365,Braunle, Christa,cbraunle7c@tinypic.com,25.35.138.25
2367,Esser, Johnna,jesser7e@hatena.ne.jp,233.22.202.23
2371,Sill, Darsey,dsill7i@canalblog.com,111.150.217.172
2379,Duffus, Jillian,jduffus7q@qq.com,179.16.61.125
2381,Sikorsky, Kip,ksikorsky7s@nytimes.com,88.123.193.97
2383,Stanaway, Inna,istanaway7u@51.la,101.237.231.53
2387,Tuxell, Kata,ktuxell7y@who.int,18.56.11.140
2389,Kitchingman, Kimmi,kkitchingman80@drupal.org,9.9.176.209
2391,Lopes, Saundra,slopes82@netscape.com,78.28.86.182
2395,Tighe, Edith,etighe86@wired.com,181.252.157.154
2397,Corryer, Cathy,ccorryer88@harvard.edu,243.87.95.102
2399,Tortis, Phebe,ptortis8a@drupal.org,199.197.165.51
2405,Gaskins, Henrietta,hgaskins8g@va.gov,23.151.56.41
2415,Nourse, Adelice,anourse8q@walmart.com,109.208.151.221
2417,McGrey, Elysia,emcgrey8s@sphinn.com,209.185.22.246
2423,Jindacek, Danika,djindacek8y@toplist.cz,204.39.163.181
2429,Killerby, Karleen,kkillerby94@gnu.org,12.253.72.64
2431,Standering, Freida,fstandering96@linkedin.com,18.203.60.124
2433,Dysert, Thurstan,tdysert98@simplemachines.org,105.11.83.211
2437,Mellish, Hendrika,hmellish9c@usatoday.com,111.219.154.78
2439,De Carolis, Dasi,ddecarolis9e@gmpg.org,99.173.141.190
2449,Westman, Wendye,wwestman9o@foxnews.com,41.156.78.59
2453,Syratt, Cassi,csyratt9s@sourceforge.net,143.45.192.31
2457,Spreull, Gussy,gspreull9w@tripod.com,127.101.243.140
2465,Rodnight, Terrill,trodnighta4@biblegateway.com,164.94.153.70
2469,Spofford, Erskine,espofforda8@mit.edu,158.136.176.92
2473,Begent, Gabbie,gbegentac@deviantart.com,74.84.149.174
2477,Fairclough, Shela,sfaircloughag@jugem.jp,101.47.251.13
2483,Weatherall, Michel,mweatherallam@pagesperso-orange.fr,112.79.171.155
2485,Andreev, Katherina,kandreevao@wikia.com,172.175.162.96
2487,Risbie, Zandra,zrisbieaq@rambler.ru,132.80.88.49
2491,Deerr, Izabel,ideerrau@1688.com,178.131.192.135
2495,Lambal, Justine,jlambalay@webs.com,107.84.91.97
2497,Coursor, Sonnie,scoursorb0@gizmodo.com,122.245.61.153
2501,Aldred, Modesty,maldredb4@usda.gov,60.129.170.152
2503,Setter, Harri,hsetterb6@sphinn.com,30.194.62.241
2505,Ciementini, Eran,eciementinib8@wordpress.com,208.208.230.115
2507,O'Dunniom, Morganica,modunniomba@wisc.edu,114.68.106.99
2511,Goodyear, Cynde,cgoodyearbe@independent.co.uk,226.74.76.76
2513,McCreary, Liv,lmccrearybg@forbes.com,223.231.254.150
2519,Weins, Marys,mweinsbm@ted.com,93.249.78.153
2523,Ostrich, Letisha,lostrichbq@cafepress.com,134.167.100.166
2525,Emslie, Florri,femsliebs@reference.com,162.95.30.35
2527,Blyden, Ninetta,nblydenbu@unc.edu,186.203.217.231
2529,Sigert, Kessia,ksigertbw@angelfire.com,29.165.253.89
2531,Collison, Alika,acollisonby@twitter.com,11.188.245.228
2537,Cottier, Mavis,mcottierc4@drupal.org,136.111.145.12
2539,Nansom, Jere,jnansomc6@chronoengine.com,4.181.57.71
2543,Littler, Madelin,mlittlerca@dion.ne.jp,163.175.253.20
2545,Rodnight, Ailey,arodnightcc@intel.com,201.21.205.63
2549,Powland, Devan,dpowlandcg@yale.edu,203.179.52.64
2551,Dubbin, Audrie,adubbinci@comsenz.com,209.109.209.17
2553,Sowthcote, Nadine,nsowthcoteck@salon.com,55.215.150.94
2557,Diack, Erica,ediackco@hp.com,226.55.232.30
2559,Cavet, Ollie,ocavetcq@csmonitor.com,20.138.129.17
2561,Scud, Giovanna,gscudcs@oakley.com,223.175.174.47
2563,Berresford, Johnath,jberresfordcu@mozilla.com,161.129.229.33
2565,Panter, Rubina,rpantercw@netscape.com,158.98.17.193
2571,Baudasso, Marjorie,mbaudassod2@furl.net,206.12.182.230
2573,Woltering, Hayley,hwolteringd4@guardian.co.uk,255.134.159.177
2579,Clendennen, Blondie,bclendennenda@tinypic.com,237.103.161.70
2581,Harvey, Miran,mharveydc@prlog.org,213.68.215.81
2583,Noblet, Gigi,gnobletde@hostgator.com,117.139.41.233
2585,Paolacci, Elsi,epaolaccidg@wix.com,108.181.168.37
2593,Gentreau, Ethelind,egentreaudo@woothemes.com,234.105.125.19
2599,Kendred, Stace,skendreddu@usgs.gov,109.222.32.36
2603,Baldock, Valeria,vbaldockdy@about.com,53.69.98.220
2609,Chesney, Auria,achesneye4@tripod.com,45.121.246.17
2611,Raynard, Hyacintha,hraynarde6@linkedin.com,59.33.207.13
2617,MacCall, Lynnett,lmaccallec@free.fr,114.60.87.149
2619,Stickney, Berti,bstickneyee@va.gov,82.74.129.143
2623,Goldson, Jeanna,jgoldsonei@google.it,88.217.143.135
2625,Aiskrigg, Rozamond,raiskriggek@youtube.com,18.130.225.170
2627,Maxsted, Anna-diane,amaxstedem@wikispaces.com,237.222.40.238
2629,De Antoni, Malvina,mdeantonieo@cafepress.com,95.227.248.221
2639,Childs, Wenda,wchildsey@amazon.com,204.54.134.176
2649,Ivashkov, Vonny,vivashkovf8@cmu.edu,50.1.54.39
2651,Kersting, Alana,akerstingfa@storify.com,50.5.132.13
2653,Beedham, Somerset,sbeedhamfc@epa.gov,244.54.219.52
2657,Toulch, Gert,gtoulchfg@odnoklassniki.ru,247.156.211.168
2661,MacSween, Sarene,smacsweenfk@freewebs.com,135.91.26.105
2665,Duker, Chelsey,cdukerfo@usda.gov,53.235.207.241
2667,Hook, Balduin,bhookfq@mozilla.com,143.107.56.89
2669,Holah, Rafaelia,rholahfs@guardian.co.uk,192.243.202.37
2675,Lindroos, Fidelity,flindroosfy@deviantart.com,82.165.45.143
2679,Haythorn, Chelsey,chaythorng2@state.gov,137.98.8.89
2681,Hegge, Bebe,bheggeg4@prlog.org,222.119.184.110
2691,Chadderton, Garnette,gchaddertonge@microsoft.com,251.72.201.184
2693,Ollet, Fara,folletgg@zdnet.com,155.133.181.98
2695,Losseljong, Nadeen,nlosseljonggi@cpanel.net,106.78.149.68
2701,Moyce, Lee,lmoycego@huffingtonpost.com,52.131.19.134
2703,Scoines, Gelya,gscoinesgq@wikimedia.org,189.135.84.222
2707,Rickard, Essie,erickardgu@t.co,151.115.235.111
2709,Copello, Vina,vcopellogw@goo.gl,93.222.234.152
2711,Forsdicke, Aile,aforsdickegy@typepad.com,199.131.66.9
2713,Frossell, Pia,pfrossellh0@webnode.com,102.24.47.7
2717,Ventris, Terrie,tventrish4@cam.ac.uk,131.99.199.207
2719,MacDaid, Ileana,imacdaidh6@cnbc.com,254.27.169.40
2721,McQuillen, Janela,jmcquillenh8@ca.gov,37.7.168.141
2723,Spier, Rosella,rspierha@unc.edu,252.173.24.72
2731,Yakunchikov, Guntar,gyakunchikovhi@themeforest.net,60.101.33.70
2733,Astlett, Ayn,aastletthk@mit.edu,201.26.106.7
2741,Asaaf, Phebe,pasaafhs@wikispaces.com,214.188.2.76
2743,Martinec, Monah,mmartinechu@nature.com,231.28.209.86
2747,Slater, Sophronia,sslaterhy@blinklist.com,154.83.83.56
2751,Huckel, Karry,khuckeli2@time.com,32.220.156.232
2755,Calvert, Bunni,bcalverti6@privacy.gov.au,235.227.162.68
2757,Gillett, Beverley,bgilletti8@youku.com,240.207.120.79
2759,Gretham, Grethel,ggrethamia@economist.com,32.11.135.41
2761,Glazzard, Esma,eglazzardic@spotify.com,46.231.167.247
2765,Lotte, Kingsly,klotteig@nps.gov,197.190.123.232
2769,Eiler, Marshall,meilerik@ebay.co.uk,222.191.121.22
2777,Whinney, Freddy,fwhinneyis@163.com,127.68.138.220
2779,Acland, Perla,paclandiu@microsoft.com,7.38.117.177
2783,Sunderland, Sharline,ssunderlandiy@cisco.com,200.123.141.104
2787,Filippozzi, Abby,afilippozzij2@prnewswire.com,111.140.73.163
2789,Jewiss, Chanda,cjewissj4@cnbc.com,15.145.69.145
2791,Ebertz, Callida,cebertzj6@yahoo.co.jp,216.127.64.126
2795,Weedall, Karen,kweedallja@seattletimes.com,135.62.198.50
2797,Lassey, Cal,classeyjc@free.fr,25.190.32.117
2799,Leve, Aggie,aleveje@so-net.ne.jp,196.5.103.214
2803,Fells, Zonda,zfellsji@edublogs.org,167.149.72.24
2807,Leynagh, Patti,pleynaghjm@ovh.net,226.107.81.129
2809,Raincin, Leda,lraincinjo@seattletimes.com,170.225.60.23
2811,Dimitrijevic, Emmeline,edimitrijevicjq@hp.com,189.233.112.208
2813,Kean, Napoleon,nkeanjs@latimes.com,111.16.228.167
2817,Scotney, Clarissa,cscotneyjw@constantcontact.com,235.155.151.97
2827,Duley, Sarina,sduleyk6@ow.ly,106.155.166.179
2829,Vasilchenko, Hyacintha,hvasilchenkok8@gravatar.com,203.171.63.208
2837,Stein, Ethyl,esteinkg@php.net,11.5.207.225
2839,Lowen, Nerita,nlowenki@moonfruit.com,119.2.153.244
2843,Vinten, Estell,evintenkm@ezinearticles.com,61.58.193.64
2849,Minshaw, Kym,kminshawks@rakuten.co.jp,175.51.92.126
2851,Winwright, Janene,jwinwrightku@telegraph.co.uk,182.151.198.58
2853,Delucia, Nelle,ndeluciakw@vimeo.com,141.172.42.201
2857,Girke, Starla,sgirkel0@networksolutions.com,108.45.36.252
2861,Pierrepoint, Andria,apierrepointl4@goodreads.com,213.12.25.105
2865,Darrell, Delphine,ddarrelll8@wisc.edu,119.106.116.3
2867,Greystoke, Josephina,jgreystokela@mediafire.com,58.8.130.14
2869,Sneesby, Hanni,hsneesbylc@fda.gov,26.40.142.233
2875,Lambis, Nertie,nlambisli@spotify.com,68.227.76.169
2877,Delacour, Heda,hdelacourlk@google.co.uk,143.64.145.101
2887,Beaument, Linette,lbeaumentlu@blinklist.com,139.106.86.208
2905,Laurant, Edmund,elaurantmc@jiathis.com,236.53.52.216
2909,Dursley, Corey,cdursleymg@ucoz.ru,255.43.161.221
2911,Shatford, Darcee,dshatfordmi@twitter.com,139.83.123.227
2913,Haughian, Lucille,lhaughianmk@yandex.ru,226.201.98.78
2917,Dimmer, Leeann,ldimmermo@java.com,26.67.252.61
2921,Braidley, Stafani,sbraidleyms@themeforest.net,130.6.71.10
2925,Blesdill, Ursala,ublesdillmw@tinypic.com,39.36.177.116
2933,Axtonne, Francklyn,faxtonnen4@columbia.edu,10.255.164.107
2937,Lethbury, Grier,glethburyn8@wsj.com,255.255.109.124
2939,Grund, Carolynn,cgrundna@stumbleupon.com,220.83.69.112
2943,De Roberto, Glennie,gderobertone@prlog.org,61.235.30.47
2945,Oakenfull, Poppy,poakenfullng@reverbnation.com,126.42.223.15
2951,Mattimoe, Paloma,pmattimoenm@google.com.au,20.74.52.24
2953,Brumpton, Phillida,pbrumptonno@google.com,63.129.55.11
2955,Skamal, Joan,jskamalnq@feedburner.com,79.36.55.64
2961,Kensett, Melanie,mkensettnw@shutterfly.com,169.123.66.33
2963,Vicary, Ingunna,ivicaryny@ibm.com,11.49.29.237
2967,Poncet, Myrtle,mponceto2@redcross.org,45.173.167.233
2973,Luquet, Urson,uluqueto8@netlog.com,144.253.172.73
2977,Ferrillio, Ferne,fferrilliooc@amazon.co.uk,243.252.167.88
2979,Reeman, Francisca,freemanoe@tmall.com,25.243.87.180
2981,Gino, Carma,cginoog@smugmug.com,185.128.123.205
2983,Buxcy, Bibbye,bbuxcyoi@oaic.gov.au,232.192.216.110
2985,Scorton, Marcelle,mscortonok@nyu.edu,169.241.195.132
2987,Gammel, Sharona,sgammelom@auda.org.au,4.22.20.91
2991,Keenor, Martie,mkeenoroq@hhs.gov,65.0.205.50
2997,Pell, Eleanora,epellow@techcrunch.com,87.140.165.122
2999,Harvison, Franciska,fharvisonoy@nasa.gov,150.189.94.85
3001,Mort, Lydia,lmortp0@blogspot.com,248.123.199.107
3005,Sloan, Rosina,rsloanp4@cyberchimps.com,119.174.91.139
3007,Aldam, Konrad,kaldamp6@bbb.org,130.222.222.141
3009,Manhare, Brear,bmanharep8@state.gov,199.221.50.57
3011,Gavagan, Alejandra,agavaganpa@intel.com,33.32.183.173
3015,Fenton, Stormie,sfentonpe@wsj.com,152.230.111.126
3017,Suscens, Binnie,bsuscenspg@who.int,81.86.150.58
3025,Michiel, Celestyn,cmichielpo@youku.com,214.132.138.203
3031,McVity, Elfrieda,emcvitypu@washington.edu,86.98.188.110
3033,Swyer-Sexey, Ellene,eswyersexeypw@twitter.com,111.137.103.123
3037,Woollends, Norean,nwoollendsq0@flickr.com,9.17.37.123
3039,Shew, Penn,pshewq2@myspace.com,229.243.140.40
3045,Robertucci, Leisha,lrobertucciq8@jalbum.net,145.146.153.21
3049,Remirez, Crysta,cremirezqc@alexa.com,49.190.26.42
3053,Drable, Desirae,ddrableqg@so-net.ne.jp,149.48.165.180
3057,Salsberg, Raphaela,rsalsbergqk@forbes.com,76.78.153.37
3063,Clemensen, Morna,mclemensenqq@drupal.org,188.237.123.245
3069,Wadly, Deena,dwadlyqw@newyorker.com,112.166.171.118
3081,O'Loughane, Bartie,boloughaner8@wp.com,31.183.0.167
3085,Dudeney, Leanor,ldudeneyrc@sakura.ne.jp,134.156.187.72
3093,Mayhow, Gwynne,gmayhowrk@theguardian.com,229.154.137.121
3095,Grattage, Herby,hgrattagerm@blogger.com,128.170.240.28
3097,Le Noury, Mellicent,mlenouryro@exblog.jp,92.24.240.139
3099,Fante, Merridie,mfanterq@princeton.edu,22.52.233.175
