id,first_name,last_name,email,gender,ip_address
1,Deena,Sillwood,dsillwood0@networkadvertising.org,Female,62.40.151.84
2,Robert,Brewse,rbrewse1@bloglovin.com,Male,165.170.12.174
3,Antonino,Mingus,amingus2@icq.com,Male,231.57.180.244
4,Urson,Parncutt,uparncutt3@bing.com,Male,46.252.152.7
5,Andi,Coppo,acoppo4@japanpost.jp,Female,153.182.188.71
6,Gracie,Chaim,gchaim5@cornell.edu,Female,226.63.230.125
7,Wyatan,Trewinnard,wtrewinnard6@yandex.ru,Male,196.62.227.117
8,Rockwell,Meddick,rmeddick7@ycombinator.com,Male,14.75.156.212
9,Haley,Sapsed,hsapsed8@fda.gov,Male,135.203.197.181
10,Mitchael,Ibbotson,mibbotson9@de.vu,Male,84.127.170.138
11,Wilona,Yurkiewicz,wyurkiewicza@uiuc.edu,Female,117.253.17.244
12,Felisha,Tamburi,ftamburib@constantcontact.com,Female,89.128.136.246
13,Nickie,Pariso,nparisoc@dedecms.com,Male,242.87.88.43
14,Klarika,Bysh,kbyshd@mozilla.org,Non-binary,239.92.223.157
15,Andre,Maryet,amaryete@dropbox.com,Male,98.55.241.65
16,Chauncey,Delaprelle,cdelaprellef@mashable.com,Male,159.244.116.131
17,Selina,Gloves,sglovesg@ucla.edu,Female,185.182.31.158
18,Chico,Broseke,cbrosekeh@bluehost.com,Male,187.190.159.24
19,Neile,Skynner,nskynneri@berkeley.edu,Female,222.81.187.185
20,Noach,Oblein,nobleinj@yale.edu,Male,130.219.31.140
21,Vinny,Hansmann,vhansmannk@nifty.com,Male,14.211.196.201
22,Ron,Heinig,rheinigl@msn.com,Male,95.194.85.117
23,Dari,Sandry,dsandrym@exblog.jp,Female,173.196.191.183
24,Alexandre,Blanch,ablanchn@buzzfeed.com,Male,31.65.19.86
25,Rickert,Boath,rboatho@nhs.uk,Male,157.135.32.115
26,Worden,Oade,woadep@yahoo.co.jp,Male,222.3.167.61
27,Phil,Hadigate,phadigateq@studiopress.com,Male,88.235.82.98
28,Melinde,Dagnan,mdagnanr@craigslist.org,Female,118.42.4.243
29,Von,Brennand,vbrennands@elegantthemes.com,Male,59.148.195.20
30,Morse,Rosoni,mrosonit@nba.com,Male,8.253.75.76
31,Ernesta,McClenaghan,emcclenaghanu@dmoz.org,Female,105.182.180.111
32,Yasmeen,Moens,ymoensv@wikimedia.org,Polygender,166.240.18.104
33,Andreana,Dhennin,adhenninw@multiply.com,Female,43.36.69.1
34,Patricia,Strauss,pstraussx@cnbc.com,Non-binary,65.36.5.19
35,Ana,McVittie,amcvittiey@free.fr,Female,9.226.121.9
36,Nickolaus,Andryunin,nandryuninz@princeton.edu,Male,24.197.120.232
37,Christophe,Maron,cmaron10@telegraph.co.uk,Male,232.31.227.78
38,Zenia,Tickner,ztickner11@google.fr,Female,255.235.44.228
39,Raquela,Pyott,rpyott12@addtoany.com,Female,210.75.39.214
40,Gail,Vanyukov,gvanyukov13@slideshare.net,Male,238.115.172.162
41,Lauree,Mosdell,lmosdell14@vimeo.com,Female,119.191.220.107
42,Alleyn,Surman,asurman15@auda.org.au,Male,230.22.128.106
43,Claudie,Jirzik,cjirzik16@noaa.gov,Female,67.175.207.191
44,Alane,Possek,apossek17@illinois.edu,Female,177.75.196.241
45,Arty,Arent,aarent18@nba.com,Male,56.184.38.47
46,Erica,Beaulieu,ebeaulieu19@canalblog.com,Genderqueer,7.97.145.11
47,Arri,Cancellor,acancellor1a@eepurl.com,Male,183.91.167.153
48,Burl,Ribbens,bribbens1b@canalblog.com,Male,235.118.39.21
49,Marcellina,Kilrow,mkilrow1c@sphinn.com,Female,167.156.20.96
50,Gene,Sherringham,gsherringham1d@elegantthemes.com,Male,70.70.72.72
51,Blayne,Golston,bgolston1e@irs.gov,Male,122.191.154.131
52,Agneta,Bosward,abosward1f@independent.co.uk,Female,232.26.18.243
53,Moore,Dobrowski,mdobrowski1g@lulu.com,Male,205.53.172.16
54,Murdock,Mc Comb,mmccomb1h@discovery.com,Genderfluid,184.215.98.131
55,Adora,Ruprechter,aruprechter1i@netscape.com,Genderfluid,139.201.85.58
56,Jaquelyn,Fowlds,jfowlds1j@wix.com,Female,205.29.105.137
57,Gayleen,Lutzmann,glutzmann1k@edublogs.org,Female,210.78.111.19
58,Branden,Grise,bgrise1l@cam.ac.uk,Male,2.170.61.16
59,Vassili,Shemmin,vshemmin1m@columbia.edu,Genderfluid,140.152.164.177
60,Lorene,Caiger,lcaiger1n@hubpages.com,Female,136.214.134.58
61,Sammie,Deely,sdeely1o@house.gov,Male,179.43.179.158
62,Leonelle,Pagelsen,lpagelsen1p@addtoany.com,Female,104.13.226.131
63,Donnie,Codd,dcodd1q@multiply.com,Female,69.157.49.47
64,Melly,Raeside,mraeside1r@xinhuanet.com,Female,145.146.243.3
65,Janos,Happs,jhapps1s@t-online.de,Male,107.229.217.19
66,Hinda,Schruur,hschruur1t@google.nl,Female,52.89.170.144
67,Truda,Trayes,ttrayes1u@mozilla.org,Female,86.173.196.17
68,Randolf,Osgordby,rosgordby1v@tinyurl.com,Male,154.167.98.223
69,Vincents,Hebard,vhebard1w@sbwire.com,Male,158.220.253.73
70,Monique,Ivasechko,mivasechko1x@indiatimes.com,Female,207.95.231.204
71,Zackariah,Biers,zbiers1y@constantcontact.com,Male,7.230.118.91
72,Lay,Maddrell,lmaddrell1z@netscape.com,Genderfluid,168.254.151.154
73,Paige,Shelsher,pshelsher20@ftc.gov,Male,97.8.74.108
74,Cherianne,Holleran,cholleran21@squidoo.com,Female,102.220.158.76
75,Kimberley,Costa,kcosta22@merriam-webster.com,Female,50.69.200.113
76,Nataline,Brisseau,nbrisseau23@multiply.com,Female,172.176.158.224
77,Fax,Wicher,fwicher24@myspace.com,Male,50.135.130.155
78,Nicolette,Joseff,njoseff25@woothemes.com,Female,226.225.101.217
79,Bink,Nicolls,bnicolls26@drupal.org,Male,143.12.240.20
80,Gustie,Royal,groyal27@wikipedia.org,Female,76.180.224.49
81,Arleen,Jerrold,ajerrold28@flickr.com,Female,108.37.54.68
82,Kellyann,Prott,kprott29@furl.net,Female,81.139.33.228
83,Hermine,Stachini,hstachini2a@spiegel.de,Female,249.236.137.196
84,Clark,Gutridge,cgutridge2b@cmu.edu,Male,185.204.54.6
85,Daria,Mingauld,dmingauld2c@google.ru,Female,25.72.119.142
86,Harvey,Lyford,hlyford2d@godaddy.com,Male,234.100.195.39
87,Garrick,Iowarch,giowarch2e@mashable.com,Male,185.176.246.212
88,Darwin,Tombleson,dtombleson2f@drupal.org,Male,55.57.112.222
89,Claretta,Blomefield,cblomefield2g@feedburner.com,Female,24.175.81.208
90,Nyssa,Martland,nmartland2h@chicagotribune.com,Female,67.127.249.113
91,Agnola,Tegeller,ategeller2i@cisco.com,Female,100.35.79.27
92,Cecilia,Rugge,crugge2j@topsy.com,Female,42.38.193.128
93,Ramon,Brackenbury,rbrackenbury2k@blog.com,Male,233.164.157.65
94,Noelyn,Kermath,nkermath2l@github.io,Female,239.35.209.155
95,Hoebart,Voysey,hvoysey2m@salon.com,Male,41.203.148.204
96,Maure,MacMychem,mmacmychem2n@ycombinator.com,Female,239.233.236.32
97,Jill,Skedgell,jskedgell2o@amazon.co.jp,Female,179.146.127.145
98,Barbaraanne,Goroni,bgoroni2p@rambler.ru,Female,245.242.128.90
99,Angie,Niven,aniven2q@jugem.jp,Male,15.0.240.159
100,Jarid,Hackwell,jhackwell2r@imdb.com,Male,132.114.10.228
