id,first_name,last_name,email,gender,ip_address
1101,Denice,Glantz,dglantz0@printfriendly.com,Female,129.39.225.138
1102,Arlyne,Noyes,anoyes1@blogspot.com,Female,107.214.90.157
1103,Otto,Brien,obrien2@163.com,Male,59.114.40.23
1104,Sada,Vidgeon,svidgeon3@ted.com,Female,137.144.120.97
1105,Romeo,Stanning,rstanning4@auda.org.au,Male,28.248.126.122
1106,Jeannie,Benedyktowicz,jbenedyktowicz5@gmpg.org,Female,195.6.227.255
1107,Floria,Emslie,femslie6@pbs.org,Female,35.195.204.126
1108,Ivor,Noulton,inoulton7@issuu.com,Male,203.56.204.156
1109,Hillery,Gay,hgay8@umich.edu,Male,160.64.214.83
1110,Linn,Duferie,lduferie9@china.com.cn,Female,182.73.175.59
1111,Bernelle,Maruska,bmaruskaa@webs.com,Female,236.49.42.211
1112,Brittaney,Ranger,brangerb@symantec.com,Female,89.166.201.28
1113,Jason,Cockayne,jcockaynec@ustream.tv,Male,89.52.156.69
1114,Miof mela,Dumbleton,mdumbletond@washington.edu,Female,105.198.7.238
1115,Petronilla,Johanchon,pjohanchone@berkeley.edu,Female,69.93.103.239
1116,Jeannine,Semiras,jsemirasf@vinaora.com,Female,188.65.109.201
1117,Broddie,Christon,bchristong@bluehost.com,Non-binary,114.157.173.104
1118,Lily,Gerauld,lgerauldh@exblog.jp,Female,22.177.17.242
1119,Lira,Jamson,ljamsoni@nyu.edu,Female,191.193.174.179
1120,Melodee,Gierok,mgierokj@mapy.cz,Female,221.248.208.82
1121,Aile,Blumer,ablumerk@so-net.ne.jp,Female,26.187.228.159
1122,Carlin,Allso,callsol@bbc.co.uk,Male,170.111.202.217
1123,Bess,Loder,bloderm@biglobe.ne.jp,Female,24.89.128.216
1124,Elisabet,Brando,ebrandon@fema.gov,Female,102.206.111.50
1125,Mabel,Rowly,mrowlyo@wsj.com,Genderfluid,17.222.49.251
1126,Jammie,Smaridge,jsmaridgep@dmoz.org,Female,108.70.61.27
1127,Roma,Cawley,rcawleyq@vk.com,Male,123.136.90.236
1128,Lorne,Godilington,lgodilingtonr@marriott.com,Male,96.252.226.0
1129,Ulberto,Bartolommeo,ubartolommeos@alibaba.com,Male,202.46.42.82
1130,Katharina,Arntzen,karntzent@booking.com,Female,81.39.205.10
1131,Sig,Chudleigh,schudleighu@techcrunch.com,Male,172.111.39.175
1132,Willi,Pelchat,wpelchatv@yale.edu,Female,110.200.254.103
1133,Tedman,Glendza,tglendzaw@delicious.com,Male,81.5.188.27
1134,Annice,Siman,asimanx@lycos.com,Agender,195.77.84.237
1135,Galven,Varndall,gvarndally@pcworld.com,Male,241.35.207.61
1136,Karee,Lotherington,klotheringtonz@walmart.com,Polygender,100.159.71.188
1137,Tybi,Bowdery,tbowdery10@intel.com,Agender,130.75.24.148
1138,Cynthea,Sanbroke,csanbroke11@google.pl,Female,129.78.150.145
1139,Freemon,Crenage,fcrenage12@so-net.ne.jp,Male,111.214.86.250
1140,Ulises,Normanville,unormanville13@sitemeter.com,Male,97.150.5.122
1141,Alasdair,Telega,atelega14@shinystat.com,Male,129.190.36.126
1142,Penelopa,Marshall,pmarshall15@yandex.ru,Female,50.37.209.255
1143,Angeli,Victoria,avictoria16@yelp.com,Male,223.47.226.139
1144,Silvanus,Bursnell,sbursnell17@unicef.org,Male,214.140.26.94
1145,Jerrine,Sperry,jsperry18@abc.net.au,Female,251.98.78.99
1146,Dylan,Woolvett,dwoolvett19@google.co.jp,Male,161.4.189.7
1147,Hollie,Witard,hwitard1a@netscape.com,Female,118.102.73.141
1148,Lynett,Adamthwaite,ladamthwaite1b@mac.com,Female,72.153.40.67
1149,Sande,Yurukhin,syurukhin1c@geocities.com,Female,86.207.160.68
1150,Cesya,Bennington,cbennington1d@mashable.com,Female,46.82.160.161
1151,Khalil,Rabley,krabley1e@symantec.com,Male,64.30.166.193
1152,Maxy,Giovani,mgiovani1f@census.gov,Female,69.166.152.14
1153,Artus,Gadault,agadault1g@ebay.com,Male,196.18.132.192
1154,Mendie,Clive,mclive1h@hugedomains.com,Male,203.19.63.161
1155,Yankee,Noe,ynoe1i@spiegel.de,Male,248.42.30.240
1156,Meir,Layman,mlayman1j@buzzfeed.com,Male,126.5.189.61
1157,Cirstoforo,Anger,canger1k@csmonitor.com,Male,134.227.143.195
1158,Beniamino,Stocks,bstocks1l@hp.com,Male,107.87.164.165
1159,Heywood,Rossey,hrossey1m@wordpress.org,Male,183.215.210.117
1160,Gweneth,Fuxman,gfuxman1n@histats.com,Female,31.66.23.240
1161,Alethea,Baudassi,abaudassi1o@nsw.gov.au,Female,132.26.215.179
1162,Leigh,Ritchard,lritchard1p@webnode.com,Male,178.104.247.17
1163,Willow,Blayd,wblayd1q@shutterfly.com,Female,170.74.74.183
1164,Gray,Davitti,gdavitti1r@ning.com,Female,218.156.62.30
1165,Jenilee,Panichelli,jpanichelli1s@umich.edu,Female,206.45.221.75
1166,Rena,Prattington,rprattington1t@hc360.com,Female,132.129.10.5
1167,Berk,Harvison,bharvison1u@addtoany.com,Non-binary,99.54.151.104
1168,Jocko,Chamberlin,jchamberlin1v@un.org,Male,182.213.212.214
1169,Dedie,Aveline,daveline1w@pinterest.com,Female,210.1.199.191
1170,Avram,Louisot,alouisot1x@github.io,Male,105.194.234.71
1171,Ninette,Karpenya,nkarpenya1y@utexas.edu,Agender,117.54.26.59
1172,Tallie,Mossop,tmossop1z@sphinn.com,Male,248.125.110.125
1173,Dani,Delieu,ddelieu20@shutterfly.com,Male,232.210.15.186
1174,Reinaldo,Twizell,rtwizell21@sakura.ne.jp,Male,249.185.52.82
1175,Celestia,Oxton,coxton22@home.pl,Female,196.21.138.51
1176,Oona,Pietasch,opietasch23@gizmodo.com,Female,15.107.52.38
1177,Wald,Titford,wtitford24@answers.com,Male,68.156.192.5
1178,Jedidiah,Stovell,jstovell25@jigsy.com,Male,28.189.31.202
1179,Patrice,Ellaway,pellaway26@tripadvisor.com,Male,170.159.94.208
1180,Rennie,Semper,rsemper27@feedburner.com,Female,199.130.144.52
1181,Maryrose,Eakin,meakin28@ezinearticles.com,Female,82.41.242.156
1182,Massimiliano,Bamling,mbamling29@php.net,Male,213.125.20.226
1183,Job,Sutlieff,jsutlieff2a@usa.gov,Male,117.206.57.70
1184,Terri,Nyles,tnyles2b@php.net,Female,170.190.207.190
1185,Lou,Hunnawill,lhunnawill2c@myspace.com,Male,14.135.191.189
1186,Borg,Sreenan,bsreenan2d@sphinn.com,Male,113.133.27.54
1187,Lottie,Godard,lgodard2e@usnews.com,Female,246.179.71.41
1188,Hillier,Gianulli,hgianulli2f@cafepress.com,Male,45.140.200.186
1189,Aigneis,Dartnell,adartnell2g@earthlink.net,Female,29.166.73.187
1190,Payton,Sumsion,psumsion2h@narod.ru,Male,215.170.251.100
1191,Buckie,Stuttard,bstuttard2i@nih.gov,Male,170.119.187.199
1192,Janeva,Stiebler,jstiebler2j@army.mil,Female,240.71.173.222
1193,Dee dee,Traviss,dtraviss2k@tinypic.com,Female,208.254.238.243
1194,Collete,Elloway,celloway2l@miibeian.gov.cn,Female,215.124.14.201
1195,Olly,Wearn,owearn2m@army.mil,Male,5.51.49.193
1196,Haydon,Garralts,hgarralts2n@amazon.co.uk,Male,2.163.115.220
1197,Fanny,Moorhead,fmoorhead2o@usa.gov,Female,161.50.33.26
1198,Patrick,Dinesen,pdinesen2p@drupal.org,Male,243.252.7.12
1199,Quintana,Hartill,qhartill2q@multiply.com,Female,79.236.152.55
1200,Melodie,Binnell,mbinnell2r@yahoo.com,Female,14.238.168.81
1201,Chandra,Lening,clening2s@nasa.gov,Agender,23.57.157.115
1202,Doe,Byfield,dbyfield2t@npr.org,Female,32.151.135.104
1203,Agnola,Mudge,amudge2u@livejournal.com,Female,151.61.170.245
1204,Constantine,Landal,clandal2v@example.com,Male,76.149.44.98
1205,Veradis,Aynscombe,vaynscombe2w@creativecommons.org,Non-binary,199.6.112.44
1206,Coletta,Lawrance,clawrance2x@admin.ch,Female,148.58.13.104
1207,Morena,Dirr,mdirr2y@adobe.com,Polygender,204.25.137.189
1208,Brod,McInally,bmcinally2z@friendfeed.com,Male,126.31.48.116
1209,Anna,De Fraine,adefraine30@amazonaws.com,Female,229.80.15.189
1210,Burnard,Scrammage,bscrammage31@friendfeed.com,Male,124.182.239.110
1211,Elaine,Pelham,epelham32@google.pl,Female,247.188.100.250
1212,Fawn,Baford,fbaford33@google.com,Female,140.157.219.196
1213,Donal,Bakeup,dbakeup34@independent.co.uk,Male,240.110.170.164
1214,Bryan,Farge,bfarge35@shinystat.com,Male,75.126.150.16
1215,Trista,Surgood,tsurgood36@hhs.gov,Female,1.156.255.233
1216,Mag,Heintzsch,mheintzsch37@is.gd,Female,12.57.158.224
1217,Elianora,Paxton,epaxton38@cdc.gov,Female,155.222.209.231
1218,Roshelle,Christie,rchristie39@answers.com,Female,183.208.201.76
1219,Emmett,Wanklin,ewanklin3a@time.com,Male,142.53.130.202
1220,Roxana,Moroney,rmoroney3b@mediafire.com,Female,108.222.20.31
1221,Phil,Vowell,pvowell3c@craigslist.org,Male,180.15.13.156
1222,Maure,Casterou,mcasterou3d@comsenz.com,Female,77.19.135.40
1223,Lotty,Signe,lsigne3e@loc.gov,Female,122.113.19.174
1224,Teodor,Fidell,tfidell3f@usatoday.com,Genderfluid,177.224.166.205
1225,Niel,Rishman,nrishman3g@booking.com,Male,55.232.187.193
1226,Ranna,Sebrook,rsebrook3h@bizjournals.com,Genderqueer,119.106.241.103
1227,Whit,Coopman,wcoopman3i@earthlink.net,Male,185.86.173.50
1228,Giacinta,Buckenham,gbuckenham3j@gizmodo.com,Female,183.243.168.232
1229,Elyse,Mayne,emayne3k@mozilla.org,Female,133.209.74.74
1230,Valeda,Gorelli,vgorelli3l@wiley.com,Female,103.114.236.229
1231,Mariya,Chatters,mchatters3m@squidoo.com,Female,146.53.161.103
1232,Rhody,Konerding,rkonerding3n@archive.org,Genderqueer,154.169.198.255
1233,Horace,Immins,himmins3o@admin.ch,Male,18.112.99.17
1234,Zack,Blackley,zblackley3p@goo.ne.jp,Male,60.223.81.46
1235,Bendicty,Everard,beverard3q@nationalgeographic.com,Male,63.134.65.26
1236,Ira,Congrave,icongrave3r@imgur.com,Male,66.25.90.170
1237,Remus,Tarbet,rtarbet3s@timesonline.co.uk,Male,216.26.35.19
1238,Nicole,Bessett,nbessett3t@howstuffworks.com,Female,50.211.45.14
1239,Nalani,Ander,nander3u@amazon.co.uk,Female,233.107.170.130
1240,Ransell,Middler,rmiddler3v@mayoclinic.com,Agender,224.15.62.170
1241,Raquel,Gilbank,rgilbank3w@utexas.edu,Female,108.247.168.159
1242,Brendan,Flicker,bflicker3x@usda.gov,Genderqueer,8.204.80.236
1243,Paula,Standon,pstandon3y@wired.com,Non-binary,134.116.28.106
1244,Lemuel,Jirka,ljirka3z@census.gov,Male,182.75.43.181
1245,Renato,Giampietro,rgiampietro40@seesaa.net,Male,136.221.27.198
1246,Dulce,Pedron,dpedron41@artisteer.com,Female,11.146.154.121
1247,Allys,Ogborne,aogborne42@huffingtonpost.com,Polygender,245.34.156.91
1248,Oswell,Holleworth,oholleworth43@nhs.uk,Male,20.250.211.114
1249,Cornela,Royle,croyle44@jimdo.com,Female,115.66.167.122
1250,Romain,Gleave,rgleave45@usnews.com,Male,61.213.65.93
1251,Gerome,Witherby,gwitherby46@umich.edu,Male,59.132.145.81
1252,Any,Pagitt,apagitt47@mayoclinic.com,Male,1.61.62.139
1253,Menard,Crauford,mcrauford48@discovery.com,Male,26.46.141.167
1254,Anni,Richie,arichie49@bluehost.com,Female,97.91.141.6
1255,Pandora,Neubigging,pneubigging4a@edublogs.org,Female,166.168.134.224
1256,Jethro,Leaman,jleaman4b@statcounter.com,Male,252.149.13.61
1257,Doyle,Maffioletti,dmaffioletti4c@unicef.org,Male,47.152.169.44
1258,Fons,Dewar,fdewar4d@craigslist.org,Male,78.240.39.52
1259,Redford,Sworder,rsworder4e@apple.com,Male,66.0.204.233
1260,Alwin,Oles,aoles4f@arstechnica.com,Male,208.41.181.144
1261,Shaylah,Kingzet,skingzet4g@ucla.edu,Female,199.4.55.110
1262,Conni,O'Loughlin,coloughlin4h@jugem.jp,Female,238.110.239.93
1263,Florence,Mackro,fmackro4i@homestead.com,Female,207.143.85.30
1264,Ange,Swain,aswain4j@usatoday.com,Male,180.99.160.31
1265,Loretta,Pennoni,lpennoni4k@virginia.edu,Female,59.255.169.40
1266,Kim,Hardwick,khardwick4l@engadget.com,Female,29.204.249.146
1267,Orv,Havock,ohavock4m@netvibes.com,Male,73.65.153.182
1268,Deedee,MacCourt,dmaccourt4n@nytimes.com,Female,207.49.115.198
1269,Alisander,Muriel,amuriel4o@umn.edu,Male,90.39.0.44
1270,Madelina,Dooly,mdooly4p@multiply.com,Female,17.67.56.109
1271,Wilbur,Lacaze,wlacaze4q@auda.org.au,Polygender,89.32.165.35
1272,Gerome,Samsin,gsamsin4r@sogou.com,Male,51.149.45.175
1273,Yvor,Willsmore,ywillsmore4s@google.pl,Male,97.255.75.16
1274,Denni,Bru,dbru4t@latimes.com,Female,74.36.17.209
1275,Wells,Dearing,wdearing4u@blogs.com,Male,228.72.62.160
1276,Marjy,Duignan,mduignan4v@disqus.com,Female,1.48.149.28
1277,Barton,Killshaw,bkillshaw4w@uiuc.edu,Male,203.161.85.204
1278,Britni,Grandin,bgrandin4x@facebook.com,Female,152.154.53.155
1279,Cyndi,Basezzi,cbasezzi4y@cbslocal.com,Female,131.41.203.105
1280,Kelsey,Mulligan,kmulligan4z@deliciousdays.com,Male,178.226.236.34
1281,Ed,Tiplady,etiplady50@bravesites.com,Male,250.108.4.4
1282,Kaela,Haythorn,khaythorn51@admin.ch,Female,52.129.147.147
1283,Zea,Wildber,zwildber52@vkontakte.ru,Female,225.146.149.9
1284,Bank,Gregine,bgregine53@zimbio.com,Genderqueer,249.10.36.5
1285,Missy,Antonescu,mantonescu54@howstuffworks.com,Female,215.9.241.116
1286,Jeromy,Russe,jrusse55@netvibes.com,Male,133.93.74.207
1287,Ky,Maffioletti,kmaffioletti56@google.de,Male,219.181.220.177
1288,Candide,Cinderey,ccinderey57@china.com.cn,Female,121.60.154.241
1289,Brigitte,Bushby,bbushby58@uiuc.edu,Female,28.45.152.94
1290,Arnaldo,Huntingdon,ahuntingdon59@loc.gov,Male,161.151.192.121
1291,Rubina,Sizzey,rsizzey5a@vistaprint.com,Female,156.8.73.81
1292,Zaria,Glashby,zglashby5b@flickr.com,Female,118.224.72.184
1293,Adolphus,Moline,amoline5c@eventbrite.com,Male,208.147.71.172
1294,Abner,Yegoshin,ayegoshin5d@privacy.gov.au,Male,231.121.59.101
1295,Amelie,Tal,atal5e@ibm.com,Agender,135.169.94.230
1296,Britte,Bladon,bbladon5f@fotki.com,Female,161.69.158.18
1297,Merridie,Elsdon,melsdon5g@squidoo.com,Female,160.119.36.230
1298,Kimble,Dissman,kdissman5h@europa.eu,Male,50.162.189.26
1299,Dionisio,Snodin,dsnodin5i@elpais.com,Male,27.152.25.112
1300,Maximilien,Seston,mseston5j@163.com,Male,229.252.172.209
1301,Allie,Bellon,abellon5k@usa.gov,Male,37.143.34.203
1302,Lucky,Sibly,lsibly5l@gravatar.com,Female,50.102.204.209
1303,Allyson,Dabrowski,adabrowski5m@meetup.com,Female,68.126.241.198
1304,Sibylle,Chaddock,schaddock5n@youku.com,Female,236.125.74.124
1305,Kiley,Gorries,kgorries5o@alexa.com,Male,148.232.125.100
1306,Heather,Beacon,hbeacon5p@craigslist.org,Female,78.117.43.253
1307,Reese,Flaws,rflaws5q@desdev.cn,Male,118.163.81.171
1308,Jeffie,McGowing,jmcgowing5r@a8.net,Male,13.184.125.183
1309,Lib,Thireau,lthireau5s@rediff.com,Female,7.235.118.43
1310,Dexter,Dacey,ddacey5t@hostgator.com,Male,238.59.227.188
1311,Maje,McBrier,mmcbrier5u@archive.org,Male,96.16.200.70
1312,Thorvald,Kilgannon,tkilgannon5v@seattletimes.com,Male,109.219.52.48
1313,Archibaldo,Wiltshier,awiltshier5w@irs.gov,Male,149.39.217.248
1314,Millard,Addionizio,maddionizio5x@oaic.gov.au,Male,196.221.56.182
1315,Eve,Hancill,ehancill5y@un.org,Female,165.152.36.237
1316,Zenia,Gerardeaux,zgerardeaux5z@gravatar.com,Female,194.228.56.102
1317,Shelley,Tidbold,stidbold60@tmall.com,Female,170.94.128.68
1318,Chrissie,Mathew,cmathew61@abc.net.au,Female,177.200.136.84
1319,Falkner,Oram,foram62@archive.org,Male,153.21.69.43
1320,Hortensia,Longfield,hlongfield63@businessweek.com,Female,155.234.181.170
1321,Eveleen,Greatorex,egreatorex64@ihg.com,Female,161.223.178.183
1322,Zabrina,Kislingbury,zkislingbury65@un.org,Female,113.246.90.219
1323,Alfons,Speeks,aspeeks66@bloglovin.com,Male,240.111.159.93
1324,Tulley,Nesby,tnesby67@technorati.com,Male,103.199.28.39
1325,Curran,Dowyer,cdowyer68@taobao.com,Male,36.103.167.13
1326,Celinda,Gauge,cgauge69@timesonline.co.uk,Female,248.111.240.34
1327,Thibaut,Radage,tradage6a@tmall.com,Male,7.142.140.38
1328,Sigfried,Ebbotts,sebbotts6b@mayoclinic.com,Male,159.78.229.222
1329,Orelie,Surgener,osurgener6c@php.net,Polygender,220.203.229.228
1330,Garvey,Pancast,gpancast6d@gnu.org,Male,12.192.197.27
1331,Jolee,Ferriman,jferriman6e@skype.com,Female,40.138.127.210
1332,Candi,Matts,cmatts6f@foxnews.com,Female,52.39.236.27
1333,Derril,Pflieger,dpflieger6g@eventbrite.com,Male,0.67.124.146
1334,Ajay,Labram,alabram6h@sphinn.com,Genderfluid,138.140.253.87
1335,Tremain,Fransson,tfransson6i@ow.ly,Male,57.107.106.80
1336,Loleta,Canwell,lcanwell6j@photobucket.com,Female,139.139.223.19
1337,Hillie,Dunk,hdunk6k@nydailynews.com,Male,81.13.52.134
1338,Marv,Cumo,mcumo6l@house.gov,Male,157.231.13.230
1339,Colleen,Bess,cbess6m@google.cn,Female,219.206.128.12
1340,Wyatt,Hearsey,whearsey6n@baidu.com,Male,50.103.16.128
1341,Bart,Gwyn,bgwyn6o@g.co,Male,37.12.132.3
1342,Carly,Morlon,cmorlon6p@webs.com,Male,20.243.86.208
1343,Wallache,Hayth,whayth6q@smh.com.au,Male,149.33.117.148
1344,Marcie,Getten,mgetten6r@woothemes.com,Female,175.96.21.143
1345,Addy,Kingsnod,akingsnod6s@mozilla.com,Male,237.5.224.122
1346,Catlin,Nicklin,cnicklin6t@oakley.com,Female,15.202.115.147
1347,Alfred,Franzonetti,afranzonetti6u@cargocollective.com,Male,176.44.251.154
1348,Gardie,Jarratt,gjarratt6v@facebook.com,Male,77.12.180.151
1349,Jasmin,Mattusov,jmattusov6w@imageshack.us,Female,73.37.115.16
1350,Heath,Orsman,horsman6x@wordpress.org,Male,97.250.1.58
1351,Gil,Hollyer,ghollyer6y@accuweather.com,Male,112.138.119.20
1352,Rosaline,Frostdyke,rfrostdyke6z@twitter.com,Female,190.67.221.43
1353,Simone,Rowlatt,srowlatt70@dmoz.org,Female,11.144.9.66
1354,Kerianne,Gathwaite,kgathwaite71@list-manage.com,Female,122.247.151.227
1355,Bianca,Paschke,bpaschke72@flickr.com,Female,113.47.83.87
1356,Yancey,McSweeney,ymcsweeney73@e-recht24.de,Male,198.167.79.136
1357,Honor,Groves,hgroves74@wufoo.com,Female,39.64.251.163
1358,Arron,Marchent,amarchent75@auda.org.au,Polygender,193.94.236.31
1359,Aguie,Meeron,ameeron76@cocolog-nifty.com,Genderqueer,122.48.153.164
1360,Angelia,Poat,apoat77@hubpages.com,Female,192.114.206.70
1361,Dix,Flude,dflude78@gnu.org,Female,177.228.118.0
1362,Emmanuel,MacNaughton,emacnaughton79@mediafire.com,Polygender,5.251.184.37
1363,Kaja,Coverley,kcoverley7a@bluehost.com,Female,195.156.143.121
1364,Orsa,Connachan,oconnachan7b@google.com,Genderqueer,105.85.247.79
1365,Jewelle,Dennerley,jdennerley7c@xinhuanet.com,Female,224.98.98.230
1366,Gusti,Heynen,gheynen7d@nature.com,Female,163.233.29.46
1367,Alexina,O' Hogan,aohogan7e@sciencedirect.com,Female,81.96.251.78
1368,Pren,Sprowell,psprowell7f@reddit.com,Male,121.91.206.208
1369,Kennie,Quye,kquye7g@netvibes.com,Male,235.70.239.176
1370,Bancroft,Enden,benden7h@indiatimes.com,Male,16.171.248.23
1371,Killie,Colegate,kcolegate7i@cafepress.com,Male,180.166.223.165
1372,Nita,Pearcy,npearcy7j@tamu.edu,Female,82.109.103.86
1373,Geoffrey,Sailor,gsailor7k@fema.gov,Male,113.97.228.72
1374,Stephen,Amthor,samthor7l@dot.gov,Male,201.253.248.81
1375,Sig,McEneny,smceneny7m@comcast.net,Male,146.209.208.83
1376,Billy,Righy,brighy7n@stumbleupon.com,Female,6.35.51.184
1377,Joela,Vaszoly,jvaszoly7o@gravatar.com,Female,236.110.93.103
1378,Bruno,Waddilow,bwaddilow7p@census.gov,Male,112.225.0.208
1379,Ingelbert,Andreolli,iandreolli7q@list-manage.com,Male,159.154.38.23
1380,Nissy,Scrowson,nscrowson7r@furl.net,Female,0.47.128.250
1381,Kimmi,McVie,kmcvie7s@chron.com,Female,39.2.154.223
1382,Merrill,Bowcher,mbowcher7t@prlog.org,Polygender,109.138.255.72
1383,Cosette,Domb,cdomb7u@about.me,Female,81.57.2.16
1384,Randee,Stovine,rstovine7v@webnode.com,Female,144.81.49.25
1385,Rodolfo,Erwin,rerwin7w@vkontakte.ru,Male,237.11.145.220
1386,Chrisse,O'Keenan,cokeenan7x@liveinternet.ru,Male,211.181.39.30
1387,Marietta,De Domenico,mdedomenico7y@plala.or.jp,Female,224.90.153.84
1388,Gustie,Kemish,gkemish7z@list-manage.com,Female,158.166.244.85
1389,Jori,Matchitt,jmatchitt80@dion.ne.jp,Bigender,215.233.80.7
1390,Ambrose,Read,aread81@baidu.com,Male,8.64.12.206
1391,Onfroi,Duff,oduff82@infoseek.co.jp,Male,160.252.124.195
1392,Halsy,Stockell,hstockell83@discuz.net,Male,70.220.207.254
1393,Barnie,Jakeman,bjakeman84@buzzfeed.com,Male,84.87.87.1
1394,Pietro,Cropper,pcropper85@storify.com,Polygender,97.136.222.250
1395,Laney,Rodear,lrodear86@opensource.org,Genderfluid,237.59.238.11
1396,Inigo,Royan,iroyan87@nhs.uk,Genderqueer,147.60.137.173
1397,Franklyn,Pauncefort,fpauncefort88@infoseek.co.jp,Genderfluid,235.174.76.2
1398,Parrnell,Randales,prandales89@sphinn.com,Male,22.23.64.131
1399,Christoffer,Boreland,cboreland8a@gmpg.org,Male,158.92.242.7
1400,Garv,Ferreres,gferreres8b@tripadvisor.com,Male,106.75.190.178
1401,Sholom,Penhearow,spenhearow8c@statcounter.com,Male,196.162.218.187
1402,Ermina,Bumphries,ebumphries8d@nyu.edu,Female,126.54.247.8
1403,Tabbie,Vermer,tvermer8e@wired.com,Female,178.104.169.21
1404,Jada,Stile,jstile8f@ucoz.com,Female,218.71.63.69
1405,Thebault,Defew,tdefew8g@histats.com,Male,201.226.35.178
1406,Giordano,McDonald,gmcdonald8h@artisteer.com,Male,202.3.87.171
1407,Jerrylee,Giorio,jgiorio8i@yahoo.com,Female,199.156.131.176
1408,Suzanna,Vacher,svacher8j@pbs.org,Female,14.68.60.23
1409,Worth,Jodlkowski,wjodlkowski8k@ow.ly,Male,234.113.191.12
1410,Melba,Doby,mdoby8l@noaa.gov,Female,251.75.164.241
1411,Ivar,Cashmore,icashmore8m@123-reg.co.uk,Male,145.55.11.221
1412,Hayyim,Mercik,hmercik8n@columbia.edu,Male,174.12.248.218
1413,Rianon,Braker,rbraker8o@yellowpages.com,Female,145.249.214.197
1414,Rozelle,Autin,rautin8p@mozilla.org,Female,72.47.147.129
1415,Gaile,Doree,gdoree8q@mysql.com,Male,220.231.78.42
1416,Carena,Condon,ccondon8r@google.co.uk,Female,244.121.209.69
1417,Lucinda,Camerana,lcamerana8s@google.com.br,Female,16.51.229.224
1418,Robinetta,Packe,rpacke8t@amazonaws.com,Female,70.61.181.248
1419,Christa,Cotes,ccotes8u@ebay.co.uk,Female,117.175.3.11
1420,Vito,Philpot,vphilpot8v@nhs.uk,Male,81.130.190.78
1421,Roseann,Oneile,roneile8w@example.com,Female,192.47.137.195
1422,Arri,Wyllcocks,awyllcocks8x@goodreads.com,Male,190.16.154.140
1423,Minnie,Abrahmovici,mabrahmovici8y@so-net.ne.jp,Female,79.19.206.44
1424,Marco,Paulon,mpaulon8z@xinhuanet.com,Male,188.63.122.159
1425,Maryanne,Antonelli,mantonelli90@symantec.com,Female,35.28.233.242
1426,Manny,Isenor,misenor91@addthis.com,Male,31.219.67.206
1427,Audra,Shoreman,ashoreman92@icq.com,Female,174.105.65.112
1428,Reese,Baythorp,rbaythorp93@ftc.gov,Male,24.24.122.60
1429,Jackie,Spincks,jspincks94@weibo.com,Male,220.207.61.118
1430,Tiena,De Cleyne,tdecleyne95@sakura.ne.jp,Female,197.74.248.80
1431,Galvan,Pavitt,gpavitt96@forbes.com,Male,180.175.235.40
1432,Ronny,Woollends,rwoollends97@dot.gov,Female,160.243.114.132
1433,Ravid,Reach,rreach98@addtoany.com,Non-binary,186.89.8.145
1434,Tait,Tremouille,ttremouille99@webeden.co.uk,Male,200.190.115.14
1435,Marnia,Denniss,mdenniss9a@godaddy.com,Female,145.118.225.33
1436,Kristofer,Wigzell,kwigzell9b@bing.com,Male,85.12.204.83
1437,Eduard,Cuvley,ecuvley9c@comcast.net,Male,214.235.183.188
1438,Lyndsay,Olivetti,lolivetti9d@time.com,Genderqueer,216.101.152.8
1439,Tomi,Braunston,tbraunston9e@163.com,Female,37.137.185.134
1440,Jonathan,Bims,jbims9f@linkedin.com,Male,116.190.172.150
1441,Sawyere,Erni,serni9g@icq.com,Male,76.95.113.88
1442,Fabio,Raynard,fraynard9h@baidu.com,Male,68.41.83.52
1443,Warner,Benfell,wbenfell9i@forbes.com,Male,15.103.16.116
1444,Kippie,Bartlosz,kbartlosz9j@amazon.co.uk,Male,164.151.132.135
1445,Kira,Verrills,kverrills9k@skyrock.com,Female,217.125.53.254
1446,Perl,Shipston,pshipston9l@friendfeed.com,Female,178.151.87.112
1447,Judah,Goseling,jgoseling9m@wp.com,Male,244.144.170.238
1448,Tiphanie,Ulrik,tulrik9n@addtoany.com,Female,25.229.53.92
1449,Lockwood,Wallentin,lwallentin9o@newsvine.com,Male,236.95.49.248
1450,Pia,Belverstone,pbelverstone9p@sogou.com,Female,28.202.217.186
1451,Kaiser,Antowski,kantowski9q@rakuten.co.jp,Male,155.56.19.218
1452,Hillyer,Webb-Bowen,hwebbbowen9r@omniture.com,Male,138.119.43.46
1453,Di,Kealy,dkealy9s@behance.net,Female,112.137.203.106
1454,Ysabel,Ucchino,yucchino9t@mozilla.com,Female,170.106.156.149
1455,Suzi,Corbett,scorbett9u@wordpress.org,Female,98.194.146.79
1456,Huntington,Laraway,hlaraway9v@discovery.com,Male,132.129.113.220
1457,Dalila,Maryott,dmaryott9w@myspace.com,Female,241.202.31.8
1458,Grata,Noen,gnoen9x@dot.gov,Female,144.106.129.29
1459,Schuyler,Rishbrook,srishbrook9y@go.com,Male,232.229.92.158
1460,Currie,Kock,ckock9z@google.es,Male,78.36.143.168
1461,Octavia,Ardy,oardya0@cam.ac.uk,Female,239.168.225.159
1462,Ingmar,Simone,isimonea1@paginegialle.it,Male,245.30.9.47
1463,Mata,Spurriar,mspurriara2@google.com.br,Male,74.176.45.69
1464,Fredra,Pohlak,fpohlaka3@washingtonpost.com,Female,241.127.78.227
1465,Elly,Espina,eespinaa4@tumblr.com,Female,189.240.165.198
1466,Germain,Conibere,gconiberea5@unesco.org,Female,229.229.163.98
1467,Jammie,Bixley,jbixleya6@tumblr.com,Female,94.136.90.81
1468,Laurette,Pahler,lpahlera7@msu.edu,Bigender,64.90.137.70
1469,Yancy,Alentyev,yalentyeva8@umich.edu,Male,249.28.248.218
1470,Di,Eminson,deminsona9@google.cn,Female,218.7.125.15
1471,Raff,Gilardi,rgilardiaa@nyu.edu,Genderfluid,144.88.155.106
1472,Cristal,Olexa,colexaab@liveinternet.ru,Female,74.81.31.170
1473,Antonia,Barg,abargac@surveymonkey.com,Genderqueer,33.150.106.237
1474,Teodoro,Spoole,tspoolead@ow.ly,Male,224.173.166.146
1475,Frannie,Jirek,fjirekae@qq.com,Male,81.86.141.126
1476,Griffith,Fleury,gfleuryaf@pen.io,Male,176.143.190.182
1477,Virgie,Mewrcik,vmewrcikag@google.com.br,Male,32.199.236.168
1478,Clemente,Tutill,ctutillah@histats.com,Male,221.86.163.253
1479,Jase,Cecchetelli,jcecchetelliai@mysql.com,Male,4.3.122.52
1480,Logan,Cheverton,lchevertonaj@jigsy.com,Male,219.21.235.138
1481,Carolin,Gatherell,cgatherellak@abc.net.au,Female,250.155.199.207
1482,Niki,Walpole,nwalpoleal@dmoz.org,Male,189.63.78.43
1483,Kimberlee,Whorlton,kwhorltonam@patch.com,Female,178.1.105.198
1484,Bryce,Bocken,bbockenan@creativecommons.org,Male,19.99.182.248
1485,My,Heinecke,mheineckeao@sciencedirect.com,Male,21.157.91.19
1486,Jenna,Duddan,jduddanap@vkontakte.ru,Female,198.26.252.219
1487,Perry,Poles,ppolesaq@tiny.cc,Male,147.94.106.218
1488,Wait,Dagleas,wdagleasar@blogspot.com,Male,184.5.32.69
1489,Taryn,Goatcher,tgoatcheras@clickbank.net,Female,141.26.45.80
1490,Min,Reims,mreimsat@qq.com,Female,243.167.218.162
1491,Rodolfo,Savoury,rsavouryau@craigslist.org,Male,39.64.57.54
1492,Rickard,Francomb,rfrancombav@blinklist.com,Male,128.237.97.23
1493,Ly,Bottoner,lbottoneraw@tripadvisor.com,Male,165.243.236.86
1494,Halie,Chorlton,hchorltonax@list-manage.com,Female,161.34.10.196
1495,Hinze,MacLaig,hmaclaigay@engadget.com,Male,121.139.87.4
1496,Mattie,Wreiford,mwreifordaz@meetup.com,Female,163.109.102.161
1497,Evy,Wenban,ewenbanb0@t-online.de,Female,195.114.59.11
1498,Lorelei,Sheron,lsheronb1@taobao.com,Female,183.143.38.12
1499,Imogene,Sanchiz,isanchizb2@uiuc.edu,Female,215.111.176.201
1500,Pembroke,Godding,pgoddingb3@craigslist.org,Male,93.171.64.215
1501,Carolann,Castro,ccastrob4@mit.edu,Female,54.198.187.28
1502,Morton,Samuels,msamuelsb5@newyorker.com,Male,180.21.124.102
1503,Lyn,Budding,lbuddingb6@jiathis.com,Female,227.22.184.132
1504,Norman,O'Cannan,nocannanb7@un.org,Male,218.113.142.166
1505,Shay,Hallan,shallanb8@sogou.com,Male,10.137.154.25
1506,Roseann,Newcom,rnewcomb9@nbcnews.com,Female,79.183.213.170
1507,Arly,Dregan,adreganba@amazon.co.jp,Female,215.57.205.198
1508,Ailene,Rapi,arapibb@i2i.jp,Female,226.163.239.151
1509,Denny,Castellaccio,dcastellacciobc@netscape.com,Female,28.175.213.35
1510,Anthea,Pawelski,apawelskibd@ucoz.ru,Female,82.144.76.73
1511,Rutter,Collelton,rcolleltonbe@ihg.com,Male,127.5.242.134
1512,Devinne,Sendall,dsendallbf@over-blog.com,Female,99.58.171.43
1513,Forster,Oakenford,foakenfordbg@elpais.com,Male,204.190.138.21
1514,Antonella,Bartolacci,abartolaccibh@list-manage.com,Female,28.88.110.201
1515,Rosana,Allibone,rallibonebi@163.com,Female,111.249.173.158
1516,Gregorius,Jerrom,gjerrombj@guardian.co.uk,Male,100.183.243.174
1517,Olva,Bunting,obuntingbk@youtube.com,Female,201.18.121.12
1518,Ker,MacCaghan,kmaccaghanbl@biblegateway.com,Male,52.181.241.48
1519,Tucker,Dawton,tdawtonbm@ow.ly,Male,70.187.160.251
1520,Earle,Gooday,egoodaybn@wikipedia.org,Male,204.166.184.246
1521,Mohandas,Element,melementbo@bravesites.com,Male,64.194.112.108
1522,Elias,Batcock,ebatcockbp@uiuc.edu,Male,24.4.115.249
1523,Garold,Pigford,gpigfordbq@printfriendly.com,Male,86.213.170.211
1524,Torrance,Matthessen,tmatthessenbr@baidu.com,Male,40.160.211.183
1525,Florida,Harber,fharberbs@edublogs.org,Female,248.89.210.34
1526,Daryle,Hanwell,dhanwellbt@salon.com,Male,75.101.247.223
1527,Bellina,Grimditch,bgrimditchbu@addtoany.com,Female,63.231.24.198
1528,Flor,Rumin,fruminbv@godaddy.com,Female,175.160.26.6
1529,Blane,Sugarman,bsugarmanbw@soundcloud.com,Male,16.15.166.48
1530,Wye,La Grange,wlagrangebx@globo.com,Male,219.255.183.71
1531,Odessa,Matushenko,omatushenkoby@e-recht24.de,Bigender,188.85.229.144
1532,Kirsten,Poulson,kpoulsonbz@twitpic.com,Female,236.113.238.225
1533,Patrica,Foster-Smith,pfostersmithc0@usatoday.com,Female,187.57.71.94
1534,Terri,Mattson,tmattsonc1@theatlantic.com,Non-binary,184.196.127.48
1535,Michaeline,Copnar,mcopnarc2@themeforest.net,Female,158.70.22.41
1536,Elianore,Larby,elarbyc3@clickbank.net,Female,29.235.31.248
1537,Terrell,Hanssmann,thanssmannc4@usatoday.com,Male,74.99.135.86
1538,Mitchell,Wilmot,mwilmotc5@globo.com,Male,165.212.98.229
1539,Rabi,Tootal,rtootalc6@so-net.ne.jp,Male,195.110.149.20
1540,Ashla,Phil,aphilc7@mac.com,Female,201.186.210.54
1541,Sharia,Colman,scolmanc8@taobao.com,Female,212.102.157.102
1542,Reinaldo,Cohan,rcohanc9@clickbank.net,Male,217.19.157.196
1543,Vaughn,Tabbernor,vtabbernorca@booking.com,Male,39.153.196.221
1544,Ilse,Gother,igothercb@wikia.com,Female,48.183.88.150
1545,Alida,Kmicicki,akmicickicc@jigsy.com,Female,156.120.157.159
1546,Angele,Aspall,aaspallcd@seattletimes.com,Female,113.178.56.1
1547,Adams,Akrigg,aakriggce@posterous.com,Male,39.59.196.184
1548,Lou,Surgood,lsurgoodcf@archive.org,Female,174.55.18.158
1549,Eddie,Tomashov,etomashovcg@smh.com.au,Female,225.31.10.149
1550,Clevey,De Atta,cdeattach@google.com,Male,204.107.246.166
1551,Trumaine,Skillman,tskillmanci@abc.net.au,Male,233.163.16.184
1552,Ariel,Falk,afalkcj@artisteer.com,Male,250.111.241.183
1553,Muire,Fuentes,mfuentesck@hp.com,Female,110.194.150.85
1554,Jason,Beavon,jbeavoncl@themeforest.net,Male,33.219.36.25
1555,Debbi,Rubke,drubkecm@webnode.com,Female,50.223.16.196
1556,Jonathan,Robatham,jrobathamcn@woothemes.com,Male,153.180.124.37
1557,Lalo,Colt,lcoltco@jigsy.com,Male,169.1.182.217
1558,Clevey,Falshaw,cfalshawcp@home.pl,Male,34.193.66.20
1559,Ev,Mordin,emordincq@lycos.com,Male,244.103.26.162
1560,Eleanora,Wimbury,ewimburycr@lycos.com,Female,26.240.68.108
1561,Sollie,Berndsen,sberndsencs@facebook.com,Male,237.125.86.170
1562,Wilton,Jolland,wjollandct@uiuc.edu,Male,116.222.156.116
1563,Royal,Band,rbandcu@amazon.co.jp,Male,148.34.69.126
1564,Thalia,Goley,tgoleycv@sakura.ne.jp,Female,204.108.103.15
1565,Jamill,Mc Harg,jmchargcw@epa.gov,Male,33.58.194.122
1566,Angelina,Rockell,arockellcx@un.org,Female,82.62.101.208
1567,Charis,Colles,ccollescy@addthis.com,Female,144.38.84.65
1568,Penelopa,Yglesias,pyglesiascz@wired.com,Female,220.215.35.149
1569,Hashim,Nettleship,hnettleshipd0@deliciousdays.com,Male,94.118.126.219
1570,Tyrus,Hugk,thugkd1@unc.edu,Polygender,226.193.121.87
1571,Brad,Dumbarton,bdumbartond2@unicef.org,Male,30.61.22.27
1572,Lee,Yonnie,lyonnied3@disqus.com,Male,153.102.22.214
1573,Tilly,Rapier,trapierd4@pinterest.com,Female,86.231.130.139
1574,Herby,Flucker,hfluckerd5@stumbleupon.com,Male,145.157.172.221
1575,Clayborn,Corroyer,ccorroyerd6@fastcompany.com,Male,224.18.106.189
1576,Cherri,Patsall,cpatsalld7@netscape.com,Female,255.246.142.126
1577,Alida,Alexandre,aalexandred8@mozilla.org,Non-binary,158.161.132.112
1578,Maiga,Gisbye,mgisbyed9@netvibes.com,Genderqueer,57.217.93.237
1579,Melonie,Milligan,mmilliganda@feedburner.com,Female,99.160.114.80
1580,Claire,Oakenfull,coakenfulldb@google.fr,Female,31.18.187.79
1581,Paddie,Ramsby,pramsbydc@mapquest.com,Male,43.113.146.163
1582,Cyndi,Arkcoll,carkcolldd@deviantart.com,Bigender,55.252.151.64
1583,Zsa zsa,Leifer,zleiferde@squidoo.com,Non-binary,144.237.102.190
1584,Amalia,Soar,asoardf@dropbox.com,Female,166.212.239.231
1585,Bernita,Canedo,bcanedodg@oakley.com,Female,200.139.208.104
1586,Clementia,Letrange,cletrangedh@t-online.de,Female,201.2.170.9
1587,Vernice,Sturr,vsturrdi@vk.com,Female,160.38.144.251
1588,Taffy,Cuseick,tcuseickdj@canalblog.com,Female,1.208.9.204
1589,Aldwin,Loukes,aloukesdk@last.fm,Male,186.12.178.21
1590,Raina,Wisdish,rwisdishdl@google.de,Female,46.130.160.28
1591,Rafael,McCreery,rmccreerydm@t-online.de,Male,19.52.195.31
1592,Martie,Ostridge,mostridgedn@discovery.com,Male,42.250.58.105
1593,Keane,Stothart,kstothartdo@shinystat.com,Male,137.248.202.37
1594,Regen,Balsom,rbalsomdp@cbslocal.com,Male,126.33.16.142
1595,Susanna,Middup,smiddupdq@ocn.ne.jp,Female,148.198.179.198
1596,Vivienne,Barensky,vbarenskydr@cbsnews.com,Non-binary,133.169.235.35
1597,Maisey,Costan,mcostands@state.tx.us,Female,39.132.197.110
1598,Paxton,Manvell,pmanvelldt@ameblo.jp,Male,216.44.181.4
1599,Natka,Domesday,ndomesdaydu@miibeian.gov.cn,Female,176.126.82.74
1600,Neal,Alker,nalkerdv@oakley.com,Male,251.234.252.224
1601,Edna,Gibbetts,egibbettsdw@japanpost.jp,Female,53.201.131.174
1602,Jess,O'Dooghaine,jodooghainedx@epa.gov,Female,49.177.162.239
1603,Nanny,Riggoll,nriggolldy@usa.gov,Female,5.242.23.126
1604,Doro,Mold,dmolddz@skyrock.com,Female,194.197.101.223
1605,Priscilla,Choldcroft,pcholdcrofte0@icio.us,Female,37.31.241.49
1606,Guillermo,Paler,gpalere1@marketwatch.com,Male,34.161.247.104
1607,Rockie,Coolson,rcoolsone2@google.es,Male,38.188.221.126
1608,Reinald,Caughan,rcaughane3@lycos.com,Male,241.255.165.58
1609,Giusto,Whipp,gwhippe4@multiply.com,Male,126.117.64.135
1610,Adorne,Besse,abessee5@ebay.com,Female,51.175.112.235
1611,Elisabeth,Samwaye,esamwayee6@chron.com,Female,168.220.110.124
1612,Fara,Gooderidge,fgooderidgee7@nba.com,Female,55.110.224.142
1613,Randolf,Aujouanet,raujouanete8@springer.com,Male,11.87.189.225
1614,Kim,Houseman,khousemane9@goo.gl,Female,156.37.209.116
1615,Yolanda,Chadband,ychadbandea@domainmarket.com,Female,190.126.115.23
1616,Allsun,Noddings,anoddingseb@wisc.edu,Bigender,1.35.195.64
1617,Fleming,Pritchard,fpritchardec@mayoclinic.com,Male,226.149.198.174
1618,Kele,Dochon,kdochoned@purevolume.com,Male,214.212.203.26
1619,Wells,Perllman,wperllmanee@aboutads.info,Male,194.156.191.194
1620,Retha,Climo,rclimoef@etsy.com,Female,73.130.176.204
1621,Lorna,Leythley,lleythleyeg@sohu.com,Female,165.176.243.246
1622,Sonnie,Megahey,smegaheyeh@chicagotribune.com,Bigender,97.215.232.234
1623,Sophi,Du Hamel,sduhamelei@barnesandnoble.com,Female,185.211.171.129
1624,Umeko,Rehm,urehmej@skype.com,Female,74.210.230.155
1625,Denney,Lathey,dlatheyek@123-reg.co.uk,Male,242.100.253.93
1626,Penny,Gobeau,pgobeauel@nba.com,Male,67.76.53.114
1627,Massimiliano,D'Abbot-Doyle,mdabbotdoyleem@narod.ru,Male,50.176.36.104
1628,Zachariah,Linbohm,zlinbohmen@goodreads.com,Male,148.218.86.26
1629,Kerianne,Crumpe,kcrumpeeo@issuu.com,Female,11.109.33.225
1630,Ignatius,Abberley,iabberleyep@tripadvisor.com,Male,108.143.88.27
1631,Dore,Castanie,dcastanieeq@storify.com,Male,68.201.76.81
1632,Benedetto,McGinney,bmcginneyer@dagondesign.com,Bigender,144.12.64.152
1633,Carlee,Sandeson,csandesones@4shared.com,Bigender,239.235.94.197
1634,Jarad,Thumnel,jthumnelet@yahoo.com,Male,169.67.105.12
1635,Cristabel,Vuitte,cvuitteeu@is.gd,Female,117.5.236.123
1636,Gates,McRobb,gmcrobbev@scribd.com,Female,96.23.49.79
1637,Rodina,Noller,rnollerew@ca.gov,Female,94.176.130.201
1638,Dorita,Humbie,dhumbieex@technorati.com,Female,203.60.33.135
1639,Emerson,Combe,ecombeey@oaic.gov.au,Male,55.116.79.190
1640,Britte,Beckham,bbeckhamez@github.io,Female,123.6.247.43
1641,Rockwell,Cowthart,rcowthartf0@tuttocitta.it,Male,144.122.107.244
1642,Durant,Maher,dmaherf1@nbcnews.com,Male,187.75.56.179
1643,Michel,Barney,mbarneyf2@salon.com,Male,222.166.149.114
1644,Wendeline,Marran,wmarranf3@answers.com,Female,79.16.11.62
1645,Tobie,Edington,tedingtonf4@hc360.com,Male,8.17.230.239
1646,Derek,Shepherd,dshepherdf5@sakura.ne.jp,Male,22.103.83.167
1647,Gordan,Crebo,gcrebof6@disqus.com,Male,68.31.208.4
1648,Avivah,Mucklow,amucklowf7@bing.com,Female,142.33.61.94
1649,Nadean,Edgars,nedgarsf8@yandex.ru,Female,132.145.198.206
1650,Lucho,MacCroary,lmaccroaryf9@scientificamerican.com,Male,84.38.148.98
1651,Germain,Tredger,gtredgerfa@altervista.org,Female,113.203.189.210
1652,Maurits,Freiburger,mfreiburgerfb@vimeo.com,Polygender,43.28.79.156
1653,Wendy,Petrovykh,wpetrovykhfc@eventbrite.com,Female,78.89.181.201
1654,Harriett,Klawi,hklawifd@example.com,Genderqueer,228.192.1.91
1655,Leeanne,Shadrach,lshadrachfe@vkontakte.ru,Female,108.128.186.39
1656,Ignaz,Barajas,ibarajasff@weather.com,Male,155.227.73.77
1657,Chen,Perrington,cperringtonfg@plala.or.jp,Male,4.115.182.129
1658,Cherrita,Lidgley,clidgleyfh@yolasite.com,Female,106.143.113.174
1659,Ibrahim,Creser,icreserfi@cdc.gov,Male,40.208.11.35
1660,Emelen,Noon,enoonfj@plala.or.jp,Non-binary,232.126.212.102
1661,Ian,Tomasek,itomasekfk@studiopress.com,Male,142.70.16.56
1662,Ram,Roseaman,rroseamanfl@linkedin.com,Male,164.103.239.94
1663,Janet,Sworne,jswornefm@nature.com,Female,94.194.238.66
1664,Debi,Center,dcenterfn@miibeian.gov.cn,Genderqueer,205.34.80.161
1665,Elsa,Hoys,ehoysfo@altervista.org,Female,13.186.131.197
1666,Zedekiah,Biggadyke,zbiggadykefp@cocolog-nifty.com,Male,198.9.75.36
1667,Hi,Nordass,hnordassfq@cnbc.com,Male,183.241.35.65
1668,Molli,Buttery,mbutteryfr@skyrock.com,Genderqueer,96.218.1.26
1669,Gare,Vatcher,gvatcherfs@ask.com,Male,8.229.142.250
1670,Carl,Coch,ccochft@dot.gov,Male,166.47.128.231
1671,Alverta,Hirsthouse,ahirsthousefu@nps.gov,Female,142.28.91.129
1672,Arabela,Treher,atreherfv@shop-pro.jp,Female,11.206.134.73
1673,Linet,Nock,lnockfw@fc2.com,Female,116.34.32.223
1674,Lori,Cadalleder,lcadallederfx@g.co,Female,65.148.104.3
1675,Reggy,Lowry,rlowryfy@adobe.com,Male,105.236.111.45
1676,Amii,Glasman,aglasmanfz@microsoft.com,Female,186.223.14.41
1677,Clim,Gonnel,cgonnelg0@cocolog-nifty.com,Male,104.179.174.20
1678,Ajay,Haslam,ahaslamg1@yolasite.com,Female,17.34.235.149
1679,Padraic,Cristofaro,pcristofarog2@tinypic.com,Male,238.229.54.37
1680,Berty,De la Feld,bdelafeldg3@sourceforge.net,Male,255.160.91.240
1681,Magdalen,Hurdman,mhurdmang4@goo.gl,Female,61.135.197.197
1682,Elna,Raeburn,eraeburng5@msn.com,Female,175.194.160.18
1683,Valentino,Warnes,vwarnesg6@gnu.org,Male,134.77.6.237
1684,Janeen,Astles,jastlesg7@bizjournals.com,Female,93.222.163.113
1685,Augustin,Leathlay,aleathlayg8@sourceforge.net,Male,221.135.99.217
1686,Evvie,Swigger,eswiggerg9@nbcnews.com,Female,246.242.183.17
1687,Emmaline,Whear,ewhearga@miibeian.gov.cn,Female,5.255.136.58
1688,Allayne,Brumbye,abrumbyegb@elegantthemes.com,Male,59.207.227.72
1689,Leona,Lago,llagogc@baidu.com,Female,224.146.144.254
1690,Sergei,Stocks,sstocksgd@bravesites.com,Male,139.244.96.186
1691,Glory,Luety,gluetyge@feedburner.com,Female,95.135.175.193
1692,Dennis,Decker,ddeckergf@istockphoto.com,Male,19.188.85.198
1693,Nikaniki,Janouch,njanouchgg@canalblog.com,Female,240.230.106.123
1694,Laryssa,Kermott,lkermottgh@unicef.org,Female,240.41.54.169
1695,Isidoro,Gerardeaux,igerardeauxgi@msu.edu,Male,113.141.115.140
1696,Ursulina,Henzer,uhenzergj@ask.com,Female,130.82.108.224
1697,Hermione,Withey,hwitheygk@livejournal.com,Bigender,197.27.232.219
1698,Donnie,Wainscoat,dwainscoatgl@domainmarket.com,Male,31.255.93.228
1699,Angel,Cahani,acahanigm@over-blog.com,Male,130.148.100.86
1700,Keith,Snyder,ksnydergn@mozilla.com,Male,158.236.246.222
1701,Sergei,Kohnemann,skohnemanngo@ted.com,Male,112.181.166.134
1702,Chastity,O'Caherny,cocahernygp@quantcast.com,Female,235.14.133.75
1703,Ara,Whimper,awhimpergq@paypal.com,Male,164.194.88.148
1704,Hamel,Mountfort,hmountfortgr@e-recht24.de,Male,179.79.89.2
1705,Faustina,Bordman,fbordmangs@xrea.com,Female,128.38.169.212
1706,Celisse,Lampel,clampelgt@odnoklassniki.ru,Female,120.227.37.76
1707,Charity,Planke,cplankegu@flavors.me,Female,184.215.86.93
1708,Elvis,Bartosinski,ebartosinskigv@dyndns.org,Male,127.88.77.9
1709,Celia,Andrich,candrichgw@examiner.com,Polygender,39.167.135.178
1710,Charyl,Danelet,cdaneletgx@yellowpages.com,Female,75.167.155.92
1711,Ketti,Shergill,kshergillgy@state.gov,Female,44.87.165.70
1712,Arnold,Bedlington,abedlingtongz@hibu.com,Male,235.40.239.161
1713,Concordia,Tether,ctetherh0@gnu.org,Female,233.28.181.211
1714,Cosetta,Rosewarne,crosewarneh1@i2i.jp,Female,90.26.6.222
1715,Lenora,Cudbertson,lcudbertsonh2@si.edu,Female,63.36.83.16
1716,Lexi,Cahen,lcahenh3@naver.com,Female,41.184.23.55
1717,Wiatt,Francklin,wfrancklinh4@apple.com,Male,123.102.136.107
1718,Sharon,MacKee,smackeeh5@twitter.com,Female,50.188.249.102
1719,Randee,Mapstone,rmapstoneh6@phoca.cz,Female,161.53.153.158
1720,Rancell,Stronghill,rstronghillh7@pen.io,Male,43.36.148.104
1721,Gilberte,Perigoe,gperigoeh8@amazon.de,Bigender,191.43.246.121
1722,Kennie,Jaquin,kjaquinh9@toplist.cz,Bigender,240.72.46.253
1723,Inness,Bloggett,ibloggettha@time.com,Male,90.238.153.196
1724,Chariot,Sandall,csandallhb@cnet.com,Male,91.16.145.197
1725,Maible,Hampstead,mhampsteadhc@marriott.com,Female,138.230.202.132
1726,Jody,Greatbach,jgreatbachhd@bizjournals.com,Female,141.166.165.71
1727,Reid,Hoggetts,rhoggettshe@narod.ru,Male,173.44.49.240
1728,Agna,Cymper,acymperhf@google.co.uk,Female,86.175.50.211
1729,Louella,Gloves,lgloveshg@shinystat.com,Female,198.53.32.214
1730,Ashlee,Roney,aroneyhh@amazon.co.jp,Female,147.52.177.44
1731,Parsifal,Drought,pdroughthi@ask.com,Male,79.233.98.46
1732,Wenona,Harome,wharomehj@apache.org,Female,45.11.98.252
1733,Angelo,Hookes,ahookeshk@macromedia.com,Male,44.45.91.32
1734,Darill,Luto,dlutohl@state.gov,Male,184.235.100.85
1735,Brannon,McKnish,bmcknishhm@imgur.com,Male,78.221.194.177
1736,Ellie,Catterall,ecatterallhn@linkedin.com,Genderqueer,190.199.225.94
1737,Mariam,Tanti,mtantiho@yellowbook.com,Female,104.253.90.126
1738,Minta,Mcwhinnie,mmcwhinniehp@guardian.co.uk,Female,163.176.207.142
1739,Tobie,Asif,tasifhq@rediff.com,Male,94.142.243.75
1740,Geoffry,Spearman,gspearmanhr@springer.com,Bigender,191.186.235.109
1741,Sig,Eilers,seilershs@php.net,Male,138.102.208.84
1742,Cletus,Trafford,ctraffordht@oracle.com,Male,15.135.23.162
1743,Olympie,Watkiss,owatkisshu@indiegogo.com,Female,221.22.124.44
1744,Simone,Fenemore,sfenemorehv@creativecommons.org,Female,139.85.93.57
1745,Cristabel,Beacom,cbeacomhw@live.com,Female,166.190.122.206
1746,Pauly,Comolli,pcomollihx@webeden.co.uk,Male,231.115.16.175
1747,Cullen,Grent,cgrenthy@mediafire.com,Male,163.31.95.222
1748,Amye,Habbon,ahabbonhz@ft.com,Female,27.58.201.34
1749,Timothy,Stroobant,tstroobanti0@ucla.edu,Male,167.145.65.14
1750,Bellina,Narducci,bnarduccii1@4shared.com,Female,44.147.185.62
1751,Vi,Tipling,vtiplingi2@wisc.edu,Female,73.154.117.135
1752,Pietrek,Cotesford,pcotesfordi3@friendfeed.com,Male,45.127.158.248
1753,Francisca,Geekin,fgeekini4@cmu.edu,Female,16.79.172.205
1754,Ashley,Castagnet,acastagneti5@soup.io,Agender,230.120.182.37
1755,Clemmy,Malster,cmalsteri6@imdb.com,Male,227.248.30.68
1756,Markos,Growcock,mgrowcocki7@i2i.jp,Male,68.6.56.39
1757,Stacy,Maxsted,smaxstedi8@cyberchimps.com,Male,88.75.61.56
1758,Emerson,Patmore,epatmorei9@issuu.com,Male,171.143.53.240
1759,Schuyler,Crutch,scrutchia@friendfeed.com,Male,109.64.63.158
1760,Marcela,Oade,moadeib@instagram.com,Female,45.229.152.123
1761,Jeffie,Mitchard,jmitchardic@youku.com,Male,1.85.50.219
1762,Blythe,Fishbourn,bfishbournid@hibu.com,Female,31.158.52.64
1763,Margit,Pablo,mpabloie@google.com,Female,12.170.44.151
1764,Krisha,Gibb,kgibbif@cnet.com,Male,137.128.78.184
1765,Lars,Vice,lviceig@economist.com,Male,88.171.94.47
1766,Chickie,Santry,csantryih@typepad.com,Male,150.106.179.48
1767,Lay,Jedraszczyk,ljedraszczykii@tumblr.com,Male,173.193.163.95
1768,Tobe,Jacobsson,tjacobssonij@amazon.co.uk,Female,220.44.157.252
1769,Marilin,Eberlein,meberleinik@fema.gov,Female,240.153.63.133
1770,Heida,Tyers,htyersil@webeden.co.uk,Female,90.135.156.62
1771,Elston,Capstake,ecapstakeim@ebay.co.uk,Polygender,6.112.211.150
1772,Elvis,Baitman,ebaitmanin@pagesperso-orange.fr,Male,140.91.194.111
1773,Beau,Chapleo,bchapleoio@craigslist.org,Male,76.27.19.60
1774,Doria,Marshalleck,dmarshalleckip@infoseek.co.jp,Non-binary,147.170.255.192
1775,Lucila,Howsin,lhowsiniq@columbia.edu,Female,5.150.202.110
1776,Hercules,Wonter,hwonterir@google.it,Male,205.103.185.190
1777,Aridatha,Leupoldt,aleupoldtis@state.gov,Female,29.253.207.95
1778,Wendye,Gudgeon,wgudgeonit@livejournal.com,Female,3.163.15.149
1779,Carey,Zanussii,czanussiiiu@cnet.com,Female,154.38.113.179
1780,Maximilian,Pardie,mpardieiv@state.tx.us,Male,226.119.145.14
1781,Cesare,Shieber,cshieberiw@ycombinator.com,Male,231.98.1.135
1782,Georas,Stace,gstaceix@stumbleupon.com,Genderfluid,35.164.225.179
1783,Hale,Twiggins,htwigginsiy@wiley.com,Male,73.237.136.121
1784,Kaine,Steckings,ksteckingsiz@tumblr.com,Male,177.118.226.228
1785,Hayyim,Smalls,hsmallsj0@simplemachines.org,Male,139.224.18.57
1786,Marchelle,Falkous,mfalkousj1@domainmarket.com,Female,99.42.156.68
1787,Linn,McCuffie,lmccuffiej2@ucoz.ru,Male,231.155.70.158
1788,Lorna,Blockley,lblockleyj3@washingtonpost.com,Female,116.39.106.147
1789,Doloritas,Eastope,deastopej4@amazon.com,Female,75.123.227.96
1790,Desiree,Oade,doadej5@unesco.org,Female,173.226.126.144
1791,Stanleigh,March,smarchj6@indiegogo.com,Male,221.209.125.72
1792,Issie,Tribe,itribej7@nytimes.com,Female,229.64.186.209
1793,Reinhard,Fargie,rfargiej8@icq.com,Male,31.184.87.117
1794,Abra,Sarvar,asarvarj9@google.com,Female,15.60.152.232
1795,Agace,Churchlow,achurchlowja@msn.com,Female,239.254.22.27
1796,Netta,Chart,nchartjb@goo.ne.jp,Female,245.66.31.227
1797,Shelagh,Winsbury,swinsburyjc@huffingtonpost.com,Female,152.97.112.79
1798,Karleen,Verson,kversonjd@ning.com,Female,245.76.170.176
1799,Collette,Reeder,creederje@cdbaby.com,Female,51.116.14.212
1800,Christoffer,Nightingale,cnightingalejf@dropbox.com,Male,60.12.16.174
1801,Nonah,Craythorne,ncraythornejg@economist.com,Female,227.225.47.179
1802,Florry,Govini,fgovinijh@pbs.org,Female,194.22.209.74
1803,Chucho,Darville,cdarvilleji@bizjournals.com,Male,55.83.195.208
1804,Ainslee,Lindup,alindupjj@usnews.com,Female,33.139.138.70
1805,Isadore,Raund,iraundjk@columbia.edu,Bigender,154.221.77.51
1806,Chris,Tibald,ctibaldjl@whitehouse.gov,Female,255.50.117.84
1807,Jeane,Dupre,jduprejm@apple.com,Female,236.22.47.172
1808,Evyn,Iorillo,eiorillojn@boston.com,Male,237.218.19.6
1809,Hayward,Vlasyev,hvlasyevjo@fema.gov,Genderqueer,205.164.123.212
1810,Candi,Jest,cjestjp@jimdo.com,Female,49.20.95.239
1811,Arluene,Bergstram,abergstramjq@bloglines.com,Female,140.113.118.53
1812,Whitman,Bulluck,wbulluckjr@cpanel.net,Male,24.65.147.117
1813,Ealasaid,MacWhirter,emacwhirterjs@mozilla.org,Female,6.200.156.37
1814,Dari,Ridewood,dridewoodjt@irs.gov,Female,228.120.75.208
1815,Albie,Sellick,asellickju@gizmodo.com,Male,76.41.114.207
1816,Lacee,Crampsey,lcrampseyjv@amazon.co.uk,Female,133.33.184.129
1817,Saul,Bilverstone,sbilverstonejw@google.com.au,Male,41.119.47.32
1818,Riccardo,Davidovici,rdavidovicijx@elpais.com,Male,96.75.212.10
1819,Samuel,Tilly,stillyjy@imdb.com,Male,56.202.173.19
1820,Maribeth,Pickerin,mpickerinjz@amazon.de,Female,104.194.8.185
1821,Cora,Legen,clegenk0@opera.com,Female,184.164.250.70
1822,Desiree,Frackiewicz,dfrackiewiczk1@rakuten.co.jp,Female,110.126.101.190
1823,Mason,Handaside,mhandasidek2@mozilla.org,Male,98.70.197.90
1824,Florie,Olufsen,folufsenk3@arstechnica.com,Agender,199.26.16.140
1825,Thorny,Coviello,tcoviellok4@tinypic.com,Male,209.53.198.123
1826,Melisa,Boanas,mboanask5@plala.or.jp,Female,141.103.196.160
1827,Royal,Bowlas,rbowlask6@bbb.org,Male,104.7.0.90
1828,Anatollo,Zaple,azaplek7@github.com,Male,9.13.106.164
1829,Christopher,Sinney,csinneyk8@godaddy.com,Male,160.57.73.214
1830,Zeb,Firle,zfirlek9@smh.com.au,Male,149.1.33.156
1831,Dill,Edmenson,dedmensonka@issuu.com,Male,242.125.33.81
1832,Benjy,Gulley,bgulleykb@google.pl,Male,30.181.52.221
1833,Millisent,Balassi,mbalassikc@alibaba.com,Female,159.76.129.232
1834,Moss,Aguirrezabal,maguirrezabalkd@disqus.com,Male,133.74.87.163
1835,Ellsworth,Nolte,enolteke@oracle.com,Agender,208.236.151.116
1836,Ruthie,Crunkhurn,rcrunkhurnkf@amazonaws.com,Genderfluid,117.245.1.224
1837,Clevie,Marages,cmarageskg@wikimedia.org,Male,174.64.141.182
1838,Clary,Chaperlin,cchaperlinkh@fda.gov,Polygender,78.83.105.214
1839,Colas,Roughan,croughanki@paginegialle.it,Male,197.163.93.5
1840,Haywood,Clear,hclearkj@ustream.tv,Male,120.43.105.248
1841,Hilda,McClymont,hmcclymontkk@google.com,Female,221.94.159.240
1842,Eliot,MacPhee,emacpheekl@spiegel.de,Male,15.105.121.216
1843,Darline,Anthoine,danthoinekm@archive.org,Female,163.24.117.94
1844,Stillmann,Ferronel,sferronelkn@w3.org,Male,99.26.253.51
1845,Norman,Swindles,nswindlesko@t.co,Male,61.164.236.244
1846,Bobine,Ropp,broppkp@state.tx.us,Female,194.97.28.138
1847,Ansel,Hagston,ahagstonkq@cyberchimps.com,Male,186.201.24.226
1848,Boniface,Novkovic,bnovkovickr@dot.gov,Male,146.55.169.99
1849,Rosene,Daulton,rdaultonks@redcross.org,Female,67.77.131.116
1850,Hughie,Damrell,hdamrellkt@domainmarket.com,Male,95.95.186.252
1851,Turner,Corteis,tcorteisku@washington.edu,Male,54.144.35.102
1852,Elianora,Aizikovitz,eaizikovitzkv@pagesperso-orange.fr,Female,150.16.12.64
1853,Lamar,Karet,lkaretkw@networkadvertising.org,Male,96.159.230.194
1854,Adria,Paprotny,apaprotnykx@ft.com,Female,131.203.108.237
1855,Anastasie,Cheeke,acheekeky@360.cn,Female,192.196.65.226
1856,Enos,Buntin,ebuntinkz@hhs.gov,Male,108.252.107.180
1857,Ferdinanda,Jenicke,fjenickel0@guardian.co.uk,Agender,240.62.188.78
1858,Gabby,Juliff,gjuliffl1@cyberchimps.com,Male,84.205.219.100
1859,Roxie,Vick,rvickl2@drupal.org,Female,75.244.255.236
1860,Leanora,Brach,lbrachl3@miibeian.gov.cn,Female,91.99.32.253
1861,Ellis,Meijer,emeijerl4@auda.org.au,Male,67.28.77.50
1862,Arty,Cheesman,acheesmanl5@youku.com,Male,47.91.203.209
1863,Louise,Elijahu,lelijahul6@linkedin.com,Female,16.88.112.203
1864,Verne,Loton,vlotonl7@photobucket.com,Male,10.151.51.128
1865,Hamlen,Flute,hflutel8@github.com,Male,135.37.204.167
1866,Gabe,Malenfant,gmalenfantl9@ehow.com,Male,231.169.233.40
1867,Pepillo,Risbrough,prisbroughla@quantcast.com,Male,125.101.249.85
1868,Ingunna,Taillant,itaillantlb@goo.gl,Bigender,242.38.26.15
1869,Jackie,Le Page,jlepagelc@ameblo.jp,Agender,28.30.222.120
1870,Jasmina,Tiner,jtinerld@opera.com,Polygender,18.5.216.136
1871,Brett,Marrington,bmarringtonle@cocolog-nifty.com,Male,221.149.195.194
1872,Emilee,Caris,ecarislf@google.es,Female,148.169.220.86
1873,Felike,Dawtrey,fdawtreylg@g.co,Male,117.222.186.103
1874,Bunnie,Perell,bperelllh@opensource.org,Female,141.143.194.250
1875,Worthy,Masselin,wmasselinli@irs.gov,Male,138.75.179.219
1876,Dominica,Syms,dsymslj@slate.com,Female,9.37.16.43
1877,Wilton,Cattini,wcattinilk@histats.com,Male,48.40.151.179
1878,Dasi,Huntley,dhuntleyll@spiegel.de,Female,208.68.81.129
1879,Garwin,Brownsill,gbrownsilllm@purevolume.com,Male,191.86.45.123
1880,Catharina,Klimashevich,cklimashevichln@imgur.com,Genderqueer,43.45.126.51
1881,Earle,Tapson,etapsonlo@tiny.cc,Polygender,127.211.129.143
1882,Binky,Pinnijar,bpinnijarlp@cdc.gov,Male,131.21.76.176
1883,Fifine,Tinkler,ftinklerlq@wordpress.org,Genderqueer,83.24.97.204
1884,Justis,OIlier,joilierlr@hud.gov,Male,27.126.52.240
1885,Arlan,Hanlon,ahanlonls@netvibes.com,Male,56.51.23.41
1886,Rodge,Marlon,rmarlonlt@opensource.org,Male,121.54.211.193
1887,Elga,Gniewosz,egniewoszlu@opensource.org,Female,111.93.220.194
1888,Milt,Firminger,mfirmingerlv@paypal.com,Male,243.26.55.90
1889,Gwendolyn,Brodnecke,gbrodneckelw@kickstarter.com,Non-binary,222.152.252.3
1890,Kincaid,Ivantyev,kivantyevlx@ebay.co.uk,Male,126.136.47.62
1891,Gerardo,Maneylaws,gmaneylawsly@elpais.com,Male,193.55.204.236
1892,Laney,Foran,lforanlz@fastcompany.com,Genderqueer,51.42.158.106
1893,Leeann,Lewendon,llewendonm0@trellian.com,Female,204.196.87.142
1894,Linn,Fearenside,lfearensidem1@cyberchimps.com,Male,221.236.211.108
1895,Doyle,Oatley,doatleym2@tinypic.com,Male,73.34.154.194
1896,George,McGinnis,gmcginnism3@netscape.com,Male,98.214.155.51
1897,Aurie,Halleybone,ahalleybonem4@ow.ly,Female,236.85.83.196
1898,Jessamine,Harrowsmith,jharrowsmithm5@reference.com,Female,104.133.132.236
1899,Eddy,Hebblethwaite,ehebblethwaitem6@furl.net,Non-binary,195.135.248.103
1900,Morlee,Pegrum,mpegrumm7@so-net.ne.jp,Male,42.69.165.2
1901,Gradey,Barendtsen,gbarendtsenm8@ezinearticles.com,Male,187.67.255.72
1902,Berri,Pollins,bpollinsm9@sciencedirect.com,Female,105.14.159.3
1903,Carce,Cabera,ccaberama@pbs.org,Male,184.234.15.143
1904,Kahaleel,Gedge,kgedgemb@macromedia.com,Male,1.8.44.53
1905,Wrennie,Eliasson,weliassonmc@newsvine.com,Female,43.45.236.57
1906,Reba,Fessby,rfessbymd@noaa.gov,Female,232.60.91.60
1907,Faulkner,Hawarden,fhawardenme@sohu.com,Male,63.184.233.186
1908,Del,Brougham,dbroughammf@techcrunch.com,Male,139.130.26.247
1909,Hercules,Aime,haimemg@fc2.com,Male,72.146.230.84
1910,Paulette,Levens,plevensmh@weibo.com,Female,38.192.137.19
1911,Patty,Conroy,pconroymi@abc.net.au,Male,228.53.11.173
1912,Almira,Burchmore,aburchmoremj@bing.com,Genderfluid,243.245.90.102
1913,Milt,Frackiewicz,mfrackiewiczmk@networkadvertising.org,Male,123.70.254.60
1914,Anatollo,Priddie,apriddieml@tripod.com,Male,213.59.69.88
1915,Yasmeen,Tindall,ytindallmm@marketwatch.com,Female,231.193.154.97
1916,Flora,Luckwell,fluckwellmn@discuz.net,Female,51.241.196.102
1917,Jamaal,Saines,jsainesmo@dot.gov,Male,142.130.157.220
1918,Jackie,Asquith,jasquithmp@spiegel.de,Male,105.37.150.58
1919,Desmond,Picard,dpicardmq@cmu.edu,Male,11.196.249.172
1920,Danella,Colgan,dcolganmr@narod.ru,Genderfluid,59.28.179.216
1921,Leonard,Sachno,lsachnoms@salon.com,Male,11.220.194.239
1922,Eldon,Tyce,etycemt@dagondesign.com,Male,91.196.153.29
1923,Abramo,Owers,aowersmu@tripadvisor.com,Male,223.142.146.102
1924,Mayor,Stoppard,mstoppardmv@liveinternet.ru,Male,205.200.108.10
1925,Margarette,Sanbrooke,msanbrookemw@cbc.ca,Female,233.166.63.179
1926,Grove,Woodfin,gwoodfinmx@smugmug.com,Male,47.231.173.156
1927,Carena,Aslett,caslettmy@cbsnews.com,Female,254.34.58.232
1928,Rorie,Schulter,rschultermz@naver.com,Female,238.201.159.102
1929,Munmro,Leckey,mleckeyn0@slashdot.org,Male,169.218.217.122
1930,Grantley,Bendson,gbendsonn1@xrea.com,Male,36.41.177.87
1931,Dolly,Marlowe,dmarlowen2@blogs.com,Female,2.149.99.110
1932,Junette,Dackombe,jdackomben3@salon.com,Genderqueer,235.26.161.234
1933,Lolly,Kahn,lkahnn4@ibm.com,Female,113.152.227.5
1934,Dianne,Ibel,dibeln5@cdc.gov,Female,131.166.235.255
1935,Dorthy,Pickett,dpickettn6@blogspot.com,Female,104.181.199.152
1936,Paquito,Oxe,poxen7@nature.com,Male,190.46.14.4
1937,Georas,Pheasant,gpheasantn8@google.co.jp,Male,47.50.89.97
1938,Iosep,McColgan,imccolgann9@netvibes.com,Male,36.87.99.136
1939,Tomkin,Bateson,tbatesonna@eventbrite.com,Non-binary,110.82.95.144
1940,Rawley,Renne,rrennenb@artisteer.com,Male,156.101.87.152
1941,Pat,McNern,pmcnernnc@businessweek.com,Female,218.143.102.250
1942,Adrea,Davydochkin,adavydochkinnd@mtv.com,Female,63.190.180.104
1943,Pavla,Wilcox,pwilcoxne@sciencedirect.com,Female,122.225.224.199
1944,Johny,Rapson,jrapsonnf@ning.com,Male,152.158.50.84
1945,Ramona,Davenhill,rdavenhillng@vinaora.com,Female,73.173.255.111
1946,Goddard,Minichillo,gminichillonh@sohu.com,Male,233.136.244.128
1947,Ole,Pettie,opettieni@redcross.org,Agender,100.206.206.96
1948,Ava,Maffi,amaffinj@home.pl,Female,135.217.206.190
1949,Corenda,Rasper,craspernk@intel.com,Female,252.227.216.197
1950,Athene,Auckland,aaucklandnl@foxnews.com,Female,142.19.57.0
1951,Felicity,Urquhart,furquhartnm@photobucket.com,Female,251.48.194.29
1952,Sebastiano,Victor,svictornn@4shared.com,Male,200.149.77.23
1953,Saw,Littell,slittellno@newyorker.com,Polygender,238.208.104.138
1954,Irv,Martynka,imartynkanp@posterous.com,Male,87.146.151.46
1955,Fin,Scouller,fscoullernq@jimdo.com,Male,58.55.6.185
1956,Josephine,Nial,jnialnr@joomla.org,Female,199.118.191.226
1957,Archy,Garriock,agarriockns@wiley.com,Male,173.177.218.57
1958,Earlie,Saunter,esaunternt@youku.com,Male,0.172.40.169
1959,Lola,Dafter,ldafternu@psu.edu,Female,95.99.29.144
1960,Moshe,Prickett,mprickettnv@alibaba.com,Male,35.140.108.40
1961,Foss,Brimelow,fbrimelownw@myspace.com,Male,163.150.198.145
1962,Morgen,Pyer,mpyernx@stumbleupon.com,Male,249.87.31.208
1963,Micheal,Pietraszek,mpietraszekny@ezinearticles.com,Male,205.229.127.22
1964,Kesley,Gong,kgongnz@google.co.uk,Female,3.3.255.103
1965,Adella,Brooker,abrookero0@bravesites.com,Female,85.43.10.137
1966,Kerry,Langdon,klangdono1@purevolume.com,Male,238.16.44.173
1967,Tansy,Trayford,ttrayfordo2@google.pl,Female,76.108.137.195
1968,Kathi,Fairbrass,kfairbrasso3@hatena.ne.jp,Female,14.159.224.15
1969,Petr,Lebrun,plebruno4@xinhuanet.com,Male,7.68.183.87
1970,Zahara,Pagram,zpagramo5@businessweek.com,Non-binary,108.63.150.206
1971,Oralie,De Vaux,odevauxo6@ask.com,Female,139.112.219.140
1972,Neilla,Featherby,nfeatherbyo7@shop-pro.jp,Genderqueer,35.187.232.230
1973,Ragnar,Gothup,rgothupo8@hubpages.com,Male,99.95.176.33
1974,Wang,Larway,wlarwayo9@dot.gov,Male,196.207.89.158
1975,Kylila,Endean,kendeanoa@moonfruit.com,Female,157.160.239.50
1976,Silvano,Rawsthorn,srawsthornob@mapy.cz,Genderfluid,95.182.16.81
1977,Nilson,Botterman,nbottermanoc@wiley.com,Male,54.216.48.78
1978,Janina,Schoffel,jschoffelod@joomla.org,Female,158.57.61.217
1979,Mano,Buard,mbuardoe@woothemes.com,Male,184.133.140.18
1980,Sybille,Maffini,smaffiniof@bravesites.com,Female,117.97.32.37
1981,Lammond,Ahrens,lahrensog@squarespace.com,Male,144.156.188.66
1982,Art,Greader,agreaderoh@oaic.gov.au,Male,139.30.147.207
1983,Prentice,Simonsen,psimonsenoi@jiathis.com,Genderfluid,142.63.124.16
1984,Tudor,Longfut,tlongfutoj@fc2.com,Male,207.4.230.147
1985,Thorstein,Bifield,tbifieldok@dmoz.org,Male,66.124.58.150
1986,Leupold,Pallas,lpallasol@ovh.net,Agender,104.143.193.21
1987,Andy,Pippard,apippardom@europa.eu,Male,49.39.81.55
1988,Melania,Capon,mcaponon@hostgator.com,Female,17.97.119.224
1989,Willy,Effnert,weffnertoo@bbc.co.uk,Male,131.249.149.39
1990,D'arcy,Topp,dtoppop@netvibes.com,Male,88.184.55.157
1991,Laurent,Dodman,ldodmanoq@si.edu,Male,92.250.43.77
1992,Grenville,Durant,gdurantor@ifeng.com,Male,161.48.121.200
1993,Michell,Slocom,mslocomos@wunderground.com,Female,169.90.159.76
1994,Gerda,Pontain,gpontainot@amazonaws.com,Female,25.219.243.62
1995,Ingaborg,Brayford,ibrayfordou@go.com,Female,115.37.48.153
1996,Sammy,Tabourin,stabourinov@artisteer.com,Male,156.237.144.12
1997,Talbert,Hewkin,thewkinow@tinyurl.com,Male,62.177.54.33
1998,Debby,Daft,ddaftox@naver.com,Agender,27.231.44.110
1999,Augustin,Kittow,akittowoy@usatoday.com,Male,38.70.54.144
2000,Lorens,McKiernan,lmckiernanoz@sciencedaily.com,Male,159.65.146.246
2001,Jesse,Shave,jshavep0@youku.com,Female,36.97.39.193
2002,Millie,Drage,mdragep1@ucoz.ru,Female,97.236.24.89
2003,Kelci,Cowdry,kcowdryp2@ucla.edu,Female,236.186.186.69
2004,Manfred,Zappel,mzappelp3@businessweek.com,Male,224.177.177.33
2005,Kevan,Simonassi,ksimonassip4@engadget.com,Male,82.157.14.156
2006,Sherie,Arangy,sarangyp5@ftc.gov,Female,222.12.186.237
2007,Vladamir,Le Marchand,vlemarchandp6@about.me,Male,199.28.157.161
2008,Torrence,Mawby,tmawbyp7@quantcast.com,Male,96.33.131.56
2009,Chickie,Rawsthorne,crawsthornep8@arizona.edu,Male,39.216.229.245
2010,Esra,Bowering,eboweringp9@cargocollective.com,Male,162.150.45.169
2011,Gordy,Zuanelli,gzuanellipa@sun.com,Male,68.123.65.225
2012,Ellen,Dyne,edynepb@lycos.com,Agender,46.64.97.216
2013,Aggy,Gehrtz,agehrtzpc@unc.edu,Female,12.148.246.152
2014,Elva,Caws,ecawspd@mapquest.com,Female,199.81.53.234
2015,Dorelia,Ames,damespe@networkadvertising.org,Female,89.185.74.70
2016,Ceil,Richardes,crichardespf@state.gov,Genderqueer,212.37.125.210
2017,Blithe,Amps,bampspg@patch.com,Female,172.250.160.226
2018,Mabelle,Bispham,mbisphamph@cbc.ca,Female,41.207.200.76
2019,Carey,Pinching,cpinchingpi@cpanel.net,Male,215.199.117.92
2020,Deloris,Wedgbrow,dwedgbrowpj@51.la,Female,80.195.97.174
2021,Erik,Tapscott,etapscottpk@senate.gov,Male,251.105.65.160
2022,Rochester,Beetlestone,rbeetlestonepl@nsw.gov.au,Male,29.85.48.241
2023,Gael,Gomby,ggombypm@webeden.co.uk,Female,91.116.251.86
2024,Derward,McCart,dmccartpn@drupal.org,Non-binary,101.26.39.87
2025,Drusie,Marling,dmarlingpo@icio.us,Female,45.0.121.50
2026,Martelle,Tulleth,mtullethpp@springer.com,Female,195.60.65.234
2027,Joe,Normaville,jnormavillepq@ucoz.com,Male,169.40.60.230
2028,Etienne,Taverner,etavernerpr@cocolog-nifty.com,Male,210.132.244.181
2029,Lesley,Maleck,lmaleckps@w3.org,Female,134.78.128.170
2030,Jere,Knightly,jknightlypt@zimbio.com,Female,26.154.227.57
2031,Anabella,Braddon,abraddonpu@over-blog.com,Female,15.206.226.247
2032,Percival,Capey,pcapeypv@tmall.com,Male,157.245.235.118
2033,Kirsti,Spellesy,kspellesypw@barnesandnoble.com,Female,61.47.202.196
2034,Bee,Hurren,bhurrenpx@blogspot.com,Non-binary,22.249.218.133
2035,Rosalinda,Heskin,rheskinpy@tmall.com,Female,128.56.181.222
2036,Elga,Wehnerr,ewehnerrpz@harvard.edu,Female,157.144.153.22
2037,Clim,Atwel,catwelq0@unblog.fr,Male,182.102.199.102
2038,Curcio,Bernt,cberntq1@ebay.co.uk,Male,185.228.192.44
2039,Casie,Bazeley,cbazeleyq2@bandcamp.com,Female,66.234.166.251
2040,Jess,Wingrove,jwingroveq3@unc.edu,Male,64.181.156.52
2041,Carlynn,Laurentino,claurentinoq4@shinystat.com,Female,3.170.231.149
2042,Alice,Stirling,astirlingq5@bandcamp.com,Female,207.71.186.195
2043,Libby,Tabrett,ltabrettq6@foxnews.com,Female,128.153.133.176
2044,Claude,Thiese,cthieseq7@youtube.com,Female,237.122.123.25
2045,Maurise,Pulley,mpulleyq8@ucla.edu,Male,128.233.99.147
2046,Dell,Dacca,ddaccaq9@yahoo.co.jp,Male,72.78.195.63
2047,Atlanta,de Clerk,adeclerkqa@blogger.com,Female,74.216.147.2
2048,Scotty,Bezants,sbezantsqb@wsj.com,Non-binary,222.165.22.165
2049,Pet,Hapgood,phapgoodqc@ebay.co.uk,Female,55.155.147.77
2050,Jason,Orridge,jorridgeqd@netscape.com,Male,158.186.213.40
2051,Wilmar,Keveren,wkeverenqe@irs.gov,Male,1.200.250.27
2052,Udall,Black,ublackqf@deliciousdays.com,Male,213.125.68.92
2053,Roselia,Seabrooke,rseabrookeqg@sohu.com,Female,239.70.133.175
2054,Ethelin,Sakins,esakinsqh@slideshare.net,Female,104.87.129.222
2055,Noemi,Hammerton,nhammertonqi@house.gov,Female,199.224.64.83
2056,Brice,Wakeley,bwakeleyqj@dailymail.co.uk,Male,136.222.76.44
2057,Dolly,Bleacher,dbleacherqk@reddit.com,Female,66.103.107.5
2058,Akim,Glenfield,aglenfieldql@list-manage.com,Male,7.150.13.202
2059,Ludwig,McCoole,lmccooleqm@odnoklassniki.ru,Male,11.250.67.117
2060,Hank,Onraet,honraetqn@hhs.gov,Non-binary,106.101.135.73
2061,Modestia,Cicculi,mcicculiqo@nih.gov,Female,76.70.124.28
2062,Pascale,Basili,pbasiliqp@japanpost.jp,Male,124.199.46.9
2063,Dave,Cream,dcreamqq@pcworld.com,Male,143.23.66.31
2064,Anna-diana,Scurman,ascurmanqr@un.org,Female,224.110.105.231
2065,Nichols,Linham,nlinhamqs@cbsnews.com,Male,150.203.148.70
2066,Christen,Dowzell,cdowzellqt@imageshack.us,Female,139.104.222.171
2067,Mildred,Yurocjhin,myurocjhinqu@jimdo.com,Female,170.155.49.58
2068,Thekla,Goseling,tgoselingqv@tuttocitta.it,Female,7.125.48.182
2069,Levon,Boughton,lboughtonqw@ftc.gov,Polygender,7.99.148.62
2070,Sumner,Lile,slileqx@godaddy.com,Male,24.235.228.192
2071,Malvina,Alyonov,malyonovqy@nyu.edu,Female,118.42.84.174
2072,Rozanne,Swaysland,rswayslandqz@deviantart.com,Female,235.181.172.196
2073,Dorolisa,Antrack,dantrackr0@woothemes.com,Female,247.214.77.226
2074,Ferrel,Krier,fkrierr1@cbsnews.com,Male,208.169.223.71
2075,Pennie,Witheford,pwithefordr2@bloglines.com,Male,241.27.217.152
2076,Della,Hamblyn,dhamblynr3@addtoany.com,Female,25.214.36.55
2077,Dieter,Baude,dbauder4@instagram.com,Male,84.97.70.98
2078,Ynes,Fenn,yfennr5@boston.com,Female,1.26.61.196
2079,Nessy,Carefull,ncarefullr6@comcast.net,Female,11.176.41.74
2080,Grantham,Ragsdall,gragsdallr7@independent.co.uk,Male,11.178.29.34
2081,Bennett,Bamlet,bbamletr8@odnoklassniki.ru,Male,117.117.106.26
2082,Melantha,Dight,mdightr9@shareasale.com,Female,233.79.254.59
2083,Ruthi,Knight,rknightra@ed.gov,Female,168.127.180.17
2084,Sybilla,Witherby,switherbyrb@marketwatch.com,Female,178.255.89.66
2085,Shirl,Cristofano,scristofanorc@tuttocitta.it,Female,237.39.93.92
2086,Benetta,Brannigan,bbranniganrd@who.int,Female,129.62.240.141
2087,Henrieta,McDougald,hmcdougaldre@fda.gov,Female,100.25.5.220
2088,Genia,Divisek,gdivisekrf@nps.gov,Female,169.195.67.196
2089,Mandie,Corkish,mcorkishrg@bloomberg.com,Female,67.104.45.117
2090,Charil,Krelle,ckrellerh@parallels.com,Bigender,138.196.42.77
2091,Vern,Prettejohns,vprettejohnsri@oracle.com,Male,145.110.65.178
2092,Robbie,Lascelles,rlascellesrj@ustream.tv,Male,225.164.200.162
2093,Parke,Gillbard,pgillbardrk@cdc.gov,Male,230.1.175.10
2094,Lindi,Daingerfield,ldaingerfieldrl@jimdo.com,Female,73.166.38.116
2095,Huntley,Dower,hdowerrm@cnn.com,Male,21.129.50.27
2096,Gillian,Caghy,gcaghyrn@usda.gov,Female,4.37.99.111
2097,Bekki,Barnshaw,bbarnshawro@bbc.co.uk,Female,177.68.138.195
2098,Denice,Deble,ddeblerp@diigo.com,Female,128.121.108.200
2099,Gracie,Willarton,gwillartonrq@bravesites.com,Female,60.159.30.236
2100,Sully,Jolliff,sjolliffrr@spotify.com,Male,128.35.147.157
