1,Sillwood, Deena,dsillwood0@networkadvertising.org,62.40.151.84
5,Coppo, Andi,acoppo4@japanpost.jp,153.182.188.71
11,Yurkiewicz, Wilona,wyurkiewicza@uiuc.edu,117.253.17.244
17,Gloves, Selina,sglovesg@ucla.edu,185.182.31.158
19,Skynner, Neile,nskynneri@berkeley.edu,222.81.187.185
23,Sandry, Dari,dsandrym@exblog.jp,173.196.191.183
31,McClenaghan, Ernesta,emcclenaghanu@dmoz.org,105.182.180.111
33,Dhennin, Andreana,adhenninw@multiply.com,43.36.69.1
35,McVittie, Ana,amcvittiey@free.fr,9.226.121.9
39,Pyott, Raquela,rpyott12@addtoany.com,210.75.39.214
41,Mosdell, Lauree,lmosdell14@vimeo.com,119.191.220.107
43,Jirzik, Claudie,cjirzik16@noaa.gov,67.175.207.191
49,Kilrow, Marcellina,mkilrow1c@sphinn.com,167.156.20.96
55,Ruprechter, Adora,aruprechter1i@netscape.com,139.201.85.58
57,Lutzmann, Gayleen,glutzmann1k@edublogs.org,210.78.111.19
59,Shemmin, Vassili,vshemmin1m@columbia.edu,140.152.164.177
63,Codd, Donnie,dcodd1q@multiply.com,69.157.49.47
67,Trayes, Truda,ttrayes1u@mozilla.org,86.173.196.17
75,Costa, Kimberley,kcosta22@merriam-webster.com,50.69.200.113
81,Jerrold, Arleen,ajerrold28@flickr.com,108.37.54.68
83,Stachini, Hermine,hstachini2a@spiegel.de,249.236.137.196
85,Mingauld, Daria,dmingauld2c@google.ru,25.72.119.142
89,Blomefield, Claretta,cblomefield2g@feedburner.com,24.175.81.208
91,Tegeller, Agnola,ategeller2i@cisco.com,100.35.79.27
97,Skedgell, Jill,jskedgell2o@amazon.co.jp,179.146.127.145
