id,first_name,last_name,email,gender,ip_address
101,Julio,Davydoch,jdavydoch0@devhub.com,Male,213.252.47.151
102,Wilburt,Hordle,whordle1@booking.com,Male,14.73.21.77
103,Bliss,Calbreath,bcalbreath2@reverbnation.com,Female,11.123.17.175
104,Mei,Killick,mkillick3@nature.com,Female,167.132.119.71
105,Lora,Canby,lcanby4@go.com,Bigender,125.37.189.65
106,Nicola,Biagini,nbiagini5@phoca.cz,Female,187.144.219.19
107,Daveta,Tutchell,dtutchell6@pbs.org,Female,55.28.217.148
108,Kalila,Rape,krape7@discuz.net,Female,254.12.29.189
109,Roscoe,Arkill,rarkill8@list-manage.com,Male,35.96.196.102
110,Osmund,Summons,osummons9@miibeian.gov.cn,Male,91.198.137.69
111,Gayel,O'Spellissey,gospellisseya@goodreads.com,Female,203.75.246.91
112,Emiline,Innis,einnisb@tamu.edu,Female,85.31.200.74
113,Philip,Royle,proylec@quantcast.com,Male,168.221.186.77
114,Evangelia,Vandenhoff,evandenhoffd@si.edu,Female,132.89.168.180
115,Frannie,Castellino,fcastellinoe@domainmarket.com,Male,164.157.93.215
116,Kailey,Rosenblad,krosenbladf@huffingtonpost.com,Female,4.89.72.82
117,Jenn,Knatt,jknattg@nytimes.com,Female,32.7.150.196
118,Sonni,Kineton,skinetonh@meetup.com,Female,204.205.79.38
119,Gillie,Goburn,ggoburni@apache.org,Female,107.100.94.157
120,Fidole,Domengue,fdomenguej@ted.com,Male,147.111.114.212
121,Bari,Danielczyk,bdanielczykk@tumblr.com,Female,101.234.72.146
122,Ripley,Downing,rdowningl@msn.com,Male,186.198.40.164
123,Silvester,Sarle,ssarlem@irs.gov,Bigender,62.166.170.163
124,Claudell,Dufaire,cdufairen@addthis.com,Male,40.75.58.209
125,Mariel,Yarnall,myarnallo@foxnews.com,Female,181.137.217.215
126,Dorolisa,Nutbrown,dnutbrownp@salon.com,Female,43.111.254.232
127,Rayner,Atter,ratterq@posterous.com,Male,86.94.186.195
128,Orv,Samms,osammsr@si.edu,Male,180.186.148.246
129,Katlin,Maxted,kmaxteds@taobao.com,Female,236.62.168.38
130,Drusie,Blaydes,dblaydest@gravatar.com,Female,12.91.134.17
131,Rochella,Dunne,rdunneu@chron.com,Female,46.243.181.147
132,Denys,Tailour,dtailourv@parallels.com,Genderfluid,135.217.167.14
133,Sergio,Bonnier,sbonnierw@theguardian.com,Genderfluid,150.29.90.241
134,Claudina,Meuse,cmeusex@tuttocitta.it,Female,95.62.195.136
135,Alistair,Mountcastle,amountcastley@edublogs.org,Male,126.47.131.154
136,Cristin,Scambler,cscamblerz@slate.com,Female,98.120.111.213
137,Wilfrid,Gallard,wgallard10@g.co,Male,238.199.41.208
138,Logan,Ruttgers,lruttgers11@stanford.edu,Male,134.73.182.161
139,Neville,Elwin,nelwin12@netvibes.com,Male,39.29.100.167
140,Deonne,O'Luby,doluby13@arizona.edu,Female,26.73.31.116
141,Langston,Headon,lheadon14@newsvine.com,Genderfluid,212.136.182.237
142,Merline,Lucia,mlucia15@merriam-webster.com,Female,185.109.58.152
143,Gilburt,Saynor,gsaynor16@yellowpages.com,Male,76.65.99.197
144,Georgi,Kembery,gkembery17@squarespace.com,Male,221.254.225.132
145,Orel,Bank,obank18@de.vu,Female,201.106.247.144
146,Martin,Heap,mheap19@list-manage.com,Male,246.12.31.156
147,Casey,Durbann,cdurbann1a@arizona.edu,Female,224.162.59.179
148,Giorgi,Lowater,glowater1b@google.co.jp,Male,168.31.79.21
149,Florri,Sibary,fsibary1c@hao123.com,Agender,17.189.250.154
150,Grannie,Aleavy,galeavy1d@twitter.com,Male,28.150.220.238
151,Minnaminnie,Rumens,mrumens1e@webeden.co.uk,Female,199.137.18.119
152,Harmon,Gallegos,hgallegos1f@ifeng.com,Male,246.211.24.134
153,Leia,Treble,ltreble1g@diigo.com,Female,1.136.16.17
154,Seka,Boule,sboule1h@cbc.ca,Female,233.240.113.237
155,Ula,Maclaine,umaclaine1i@51.la,Female,194.127.254.21
156,Michal,Barday,mbarday1j@ameblo.jp,Male,133.76.97.120
157,Farley,Berry,fberry1k@time.com,Male,147.55.110.140
158,Carin,Manske,cmanske1l@gnu.org,Female,239.1.36.115
159,Ezmeralda,Stanley,estanley1m@columbia.edu,Female,27.121.163.165
160,Meryl,Woolrich,mwoolrich1n@princeton.edu,Female,118.143.117.10
161,Burnaby,Sponder,bsponder1o@t-online.de,Male,3.190.248.157
162,Dorena,Gammade,dgammade1p@chron.com,Female,229.118.45.21
163,Drud,Ledley,dledley1q@altervista.org,Male,104.54.159.60
164,Zaria,Readwood,zreadwood1r@miitbeian.gov.cn,Female,200.75.192.226
165,Tabbitha,Plowright,tplowright1s@oakley.com,Female,12.42.175.239
166,Madalyn,McGhie,mmcghie1t@xrea.com,Female,136.183.54.74
167,Jude,Ellson,jellson1u@baidu.com,Male,133.225.113.167
168,Olympia,Arcase,oarcase1v@theglobeandmail.com,Genderfluid,92.154.215.96
169,Kiah,Zorer,kzorer1w@aboutads.info,Genderqueer,202.2.197.138
170,Leontine,Doward,ldoward1x@slashdot.org,Female,215.255.103.189
171,Danya,Papaccio,dpapaccio1y@harvard.edu,Female,221.110.32.168
172,Skipton,Blackett,sblackett1z@amazon.com,Male,52.138.190.39
173,Michail,Sommerville,msommerville20@gov.uk,Male,205.10.194.233
174,Cindy,Perigeaux,cperigeaux21@sitemeter.com,Bigender,93.9.214.120
175,Seward,Lording,slording22@mozilla.org,Male,138.125.135.24
176,Janella,McGarrahan,jmcgarrahan23@php.net,Female,99.124.242.173
177,Cathie,Bromell,cbromell24@blogtalkradio.com,Female,162.181.117.169
178,Myrna,Roja,mroja25@imgur.com,Female,163.251.229.120
179,Penn,Gookey,pgookey26@noaa.gov,Male,152.76.109.155
180,Carmita,Fagan,cfagan27@cafepress.com,Female,224.18.195.130
181,Sergio,Hauch,shauch28@geocities.com,Male,107.119.81.10
182,Jeana,McLese,jmclese29@shinystat.com,Female,153.140.241.90
183,Valentijn,Daice,vdaice2a@ask.com,Male,63.192.53.236
184,Dylan,Goburn,dgoburn2b@opera.com,Male,193.249.196.89
185,Katherine,McAnellye,kmcanellye2c@msn.com,Female,233.150.68.65
186,Jarrid,Gorden,jgorden2d@alibaba.com,Male,251.25.253.86
187,Filip,Limmer,flimmer2e@phoca.cz,Male,66.74.234.156
188,Nalani,Grishagin,ngrishagin2f@nih.gov,Female,190.51.86.216
189,Elsi,Scane,escane2g@google.ru,Female,116.155.144.8
190,Glori,Radcliffe,gradcliffe2h@businessinsider.com,Agender,249.176.73.68
191,Edi,Foulks,efoulks2i@google.it,Female,51.67.38.41
192,Robenia,Twitching,rtwitching2j@mashable.com,Female,96.118.147.72
193,Cynthea,Beinke,cbeinke2k@github.io,Female,167.117.185.7
194,Keelby,Picopp,kpicopp2l@aboutads.info,Male,131.197.199.181
195,Sebastian,Sellman,ssellman2m@reuters.com,Male,161.66.111.6
196,Kimmy,O'Henery,kohenery2n@mit.edu,Female,41.237.13.132
197,Fabe,Barcke,fbarcke2o@bluehost.com,Male,51.141.166.92
198,Wheeler,Detheridge,wdetheridge2p@scribd.com,Male,236.27.167.157
199,Martynne,Urwen,murwen2q@stumbleupon.com,Female,44.143.117.107
200,Everard,Matthiesen,ematthiesen2r@addtoany.com,Male,40.14.234.188
201,Rem,Blindermann,rblindermann2s@jalbum.net,Male,105.38.99.246
202,Brock,Ayce,bayce2t@un.org,Genderfluid,185.223.205.134
203,Dulsea,Hitzmann,dhitzmann2u@indiegogo.com,Female,129.64.30.94
204,Florencia,Gosnall,fgosnall2v@odnoklassniki.ru,Female,121.46.236.233
205,Ardene,Kilford,akilford2w@fda.gov,Female,216.182.182.89
206,Skipper,Heineken,sheineken2x@loc.gov,Male,142.250.10.126
207,Marita,Pilger,mpilger2y@earthlink.net,Female,231.93.2.94
208,Gwennie,Emtage,gemtage2z@myspace.com,Female,164.92.179.68
209,Farley,Binley,fbinley30@china.com.cn,Non-binary,132.183.180.201
210,Gus,McKeeman,gmckeeman31@163.com,Male,120.212.88.251
211,Eddy,Antoniou,eantoniou32@qq.com,Female,217.34.221.88
212,Lyon,Davitt,ldavitt33@acquirethisname.com,Male,165.26.17.146
213,Noel,Filliskirk,nfilliskirk34@va.gov,Female,249.51.52.108
214,Pennie,Wray,pwray35@fema.gov,Male,118.209.58.29
215,Skippy,Anthonsen,santhonsen36@technorati.com,Agender,24.141.150.168
216,Geri,Rossoni,grossoni37@geocities.jp,Female,67.254.53.167
217,Guinevere,Mateo,gmateo38@cam.ac.uk,Female,88.158.140.32
218,Celia,Pedican,cpedican39@vk.com,Agender,43.154.122.122
219,Abigale,Connick,aconnick3a@goodreads.com,Female,201.225.125.99
220,Ronny,Piddock,rpiddock3b@theglobeandmail.com,Female,165.120.254.217
221,Rois,Canton,rcanton3c@newyorker.com,Female,98.249.222.100
222,Lexis,Lunt,llunt3d@123-reg.co.uk,Polygender,255.66.121.94
223,Othella,Stobbe,ostobbe3e@dailymail.co.uk,Female,41.251.76.160
224,Cesaro,Mousley,cmousley3f@wikia.com,Male,142.98.73.122
225,Francisco,Layus,flayus3g@walmart.com,Male,105.75.170.129
226,Mile,Siddon,msiddon3h@msn.com,Male,112.58.87.156
227,Darius,Walaron,dwalaron3i@fotki.com,Male,134.3.124.136
228,Clary,Gerraty,cgerraty3j@canalblog.com,Female,211.200.15.137
229,Kristoforo,Lafrentz,klafrentz3k@ucoz.ru,Polygender,33.138.105.116
230,Granger,Sabey,gsabey3l@naver.com,Male,242.210.236.148
231,Katherine,Hitscher,khitscher3m@epa.gov,Female,10.102.216.239
232,Genevieve,Kerwick,gkerwick3n@wp.com,Female,203.244.80.165
233,Luise,Beacom,lbeacom3o@flickr.com,Female,31.106.35.244
234,Duke,Puckrin,dpuckrin3p@canalblog.com,Male,218.78.224.241
235,Cindee,Reed,creed3q@youtu.be,Female,12.88.236.239
236,Catie,Dunphie,cdunphie3r@networksolutions.com,Female,101.31.100.227
237,Hobie,Jamblin,hjamblin3s@last.fm,Male,121.92.66.110
238,Luca,Hryniewicki,lhryniewicki3t@netlog.com,Male,51.221.20.89
239,Nissa,Heinonen,nheinonen3u@mashable.com,Genderqueer,63.3.3.125
240,Netti,Owenson,nowenson3v@auda.org.au,Female,203.197.124.117
241,Bendicty,Arnaldy,barnaldy3w@google.pl,Male,121.227.208.170
242,Dannie,Pinhorn,dpinhorn3x@ezinearticles.com,Female,61.86.237.89
243,Rodrique,Edgley,redgley3y@imgur.com,Male,53.5.196.250
244,Matias,Menilove,mmenilove3z@github.com,Male,159.121.40.168
245,Karyl,Klaaassen,kklaaassen40@slashdot.org,Genderqueer,160.242.43.179
246,Norris,Czyz,nczyz41@bing.com,Male,1.79.136.15
247,Ad,Meeland,ameeland42@sogou.com,Male,121.188.84.198
248,Xenos,Greenstead,xgreenstead43@posterous.com,Male,39.173.14.55
249,Archambault,Teodori,ateodori44@dedecms.com,Genderqueer,96.28.239.145
250,Nicola,Norsister,nnorsister45@microsoft.com,Male,73.7.47.237
251,Binni,Clinch,bclinch46@51.la,Female,73.82.230.20
252,Elysee,Message,emessage47@usgs.gov,Female,92.46.54.152
253,Nedda,Drivers,ndrivers48@technorati.com,Female,197.140.75.28
254,Biddie,Firebrace,bfirebrace49@webeden.co.uk,Female,26.47.10.51
255,Donovan,Jahns,djahns4a@stumbleupon.com,Male,182.65.136.97
256,Lelah,Scargle,lscargle4b@unesco.org,Female,80.188.109.249
257,Dukie,Pontin,dpontin4c@army.mil,Male,58.102.52.160
258,Maddy,Towse,mtowse4d@ning.com,Female,76.208.23.211
259,Alejandra,Yerby,ayerby4e@1und1.de,Polygender,86.180.144.106
260,Stefania,Spoward,sspoward4f@samsung.com,Female,134.168.37.202
261,Hobart,Greenwell,hgreenwell4g@dyndns.org,Male,223.224.133.249
262,Kassie,Palia,kpalia4h@google.com.hk,Female,203.84.223.150
263,Sigismondo,Seale,sseale4i@sfgate.com,Male,116.148.147.31
264,Teresita,Querrard,tquerrard4j@yahoo.co.jp,Female,162.238.121.241
265,Morie,Dabell,mdabell4k@house.gov,Male,119.231.41.207
266,Rosene,Di Gregorio,rdigregorio4l@walmart.com,Female,150.214.177.217
267,Stanwood,David,sdavid4m@rakuten.co.jp,Male,214.99.1.85
268,Berty,Hartopp,bhartopp4n@cornell.edu,Female,95.140.61.221
269,Allan,Ferrant,aferrant4o@blogspot.com,Polygender,53.66.208.248
270,Alexandra,Faye,afaye4p@illinois.edu,Female,148.157.161.81
271,Juana,Downs,jdowns4q@gmpg.org,Female,158.228.22.129
272,Wiley,Lorens,wlorens4r@upenn.edu,Male,102.120.30.138
273,Barty,Abthorpe,babthorpe4s@wunderground.com,Genderfluid,93.15.183.140
274,Hadley,Jefferys,hjefferys4t@virginia.edu,Male,62.221.24.182
275,Maren,Jolliss,mjolliss4u@miitbeian.gov.cn,Female,162.140.141.182
276,Adair,Kernermann,akernermann4v@wiley.com,Male,155.176.72.210
277,Hercule,Wakeling,hwakeling4w@scribd.com,Male,228.13.130.121
278,Rachelle,Kigelman,rkigelman4x@redcross.org,Female,67.129.22.134
279,Lita,Joll,ljoll4y@foxnews.com,Female,244.130.55.122
280,Elvyn,Arnold,earnold4z@qq.com,Male,44.238.161.184
281,Jamie,Kenrack,jkenrack50@cdbaby.com,Male,161.245.177.129
282,Durant,Smartman,dsmartman51@ucoz.com,Male,159.145.127.114
283,Sheba,Remington,sremington52@flickr.com,Female,31.16.253.37
284,Bryanty,Valentim,bvalentim53@fotki.com,Male,154.51.167.151
285,Theadora,Boodell,tboodell54@latimes.com,Female,211.231.251.54
286,Jule,Morteo,jmorteo55@usda.gov,Male,8.112.113.39
287,Melanie,Gallemore,mgallemore56@blogger.com,Female,67.245.179.255
288,Zonnya,McCreagh,zmccreagh57@exblog.jp,Female,57.184.47.161
289,Craggie,Isac,cisac58@shinystat.com,Male,54.86.199.110
290,My,Calcutt,mcalcutt59@ustream.tv,Male,248.56.251.117
291,Georgia,Berre,gberre5a@cbsnews.com,Female,15.61.213.232
292,Helenka,Bawles,hbawles5b@timesonline.co.uk,Female,227.106.72.205
293,Maryanne,Greaves,mgreaves5c@nydailynews.com,Female,42.217.139.42
294,Zaneta,Pappi,zpappi5d@yahoo.co.jp,Non-binary,167.47.115.60
295,Sanford,Huntriss,shuntriss5e@digg.com,Male,104.123.138.200
296,Raddie,Inchan,rinchan5f@usgs.gov,Male,83.163.89.254
297,Adair,Taveriner,ataveriner5g@live.com,Male,37.58.11.42
298,Cole,O'Keevan,cokeevan5h@cocolog-nifty.com,Male,160.1.2.239
299,Vasily,Pringour,vpringour5i@ow.ly,Male,52.230.234.33
300,Eachelle,Stanier,estanier5j@weebly.com,Female,133.159.187.213
301,Salomone,Moule,smoule5k@about.com,Male,213.236.21.10
302,Pamella,Nunnerley,pnunnerley5l@google.ca,Female,192.78.21.200
303,Trumann,Bedle,tbedle5m@diigo.com,Male,96.167.164.139
304,Emelen,Bonder,ebonder5n@nih.gov,Male,122.251.243.41
305,Happy,Bernuzzi,hbernuzzi5o@admin.ch,Female,14.100.148.38
306,Clareta,Cotgrave,ccotgrave5p@omniture.com,Female,102.32.89.200
307,Friedrick,Weekly,fweekly5q@fastcompany.com,Male,87.190.238.47
308,Andre,Ferraro,aferraro5r@amazon.com,Male,90.76.197.17
309,Phillipp,Beenham,pbeenham5s@domainmarket.com,Male,221.177.76.196
310,Kendal,Sigge,ksigge5t@stanford.edu,Male,37.198.126.244
311,Calhoun,De Ruggiero,cderuggiero5u@sakura.ne.jp,Male,121.0.23.167
312,Tod,Tincombe,ttincombe5v@umn.edu,Male,235.89.78.230
313,Jaime,Stillmann,jstillmann5w@ocn.ne.jp,Male,152.90.204.115
314,Jacob,Hitcham,jhitcham5x@myspace.com,Male,225.222.222.6
315,Jackie,Ianilli,jianilli5y@paginegialle.it,Female,112.183.26.9
316,Freddy,Littlechild,flittlechild5z@51.la,Female,121.20.70.165
317,Euell,O'Scollee,eoscollee60@ed.gov,Male,36.21.29.204
318,Leonard,Davitti,ldavitti61@cbc.ca,Genderqueer,194.178.123.3
319,Leesa,Vasse,lvasse62@oakley.com,Female,131.36.78.155
320,Kenton,Kusick,kkusick63@jalbum.net,Male,94.176.239.59
321,Roley,Druery,rdruery64@gov.uk,Male,33.86.97.85
322,Pernell,Meacher,pmeacher65@bing.com,Male,28.172.251.69
323,Sidoney,Twentyman,stwentyman66@un.org,Female,51.160.252.160
324,Ricca,Hugonet,rhugonet67@virginia.edu,Female,160.93.143.21
325,Case,Sobtka,csobtka68@sogou.com,Male,161.127.199.21
326,Bria,Heister,bheister69@privacy.gov.au,Female,92.59.184.101
327,Valaree,Sellwood,vsellwood6a@hhs.gov,Female,16.117.233.170
328,Annabela,Lemonby,alemonby6b@shinystat.com,Female,62.94.157.169
329,Brier,Berrane,bberrane6c@senate.gov,Female,222.102.190.169
330,Allsun,Shambroke,ashambroke6d@phpbb.com,Female,206.17.213.17
331,Krystalle,Merritt,kmerritt6e@ameblo.jp,Female,22.239.68.36
332,Kate,Filyakov,kfilyakov6f@virginia.edu,Female,70.14.188.114
333,Andres,Waskett,awaskett6g@walmart.com,Male,133.73.59.138
334,Adelaide,Ransbury,aransbury6h@tinypic.com,Female,16.249.40.176
335,Nelia,Hedditch,nhedditch6i@last.fm,Female,9.50.224.25
336,Chris,Sisselot,csisselot6j@github.io,Female,253.62.122.251
337,Ileana,Sauvain,isauvain6k@apple.com,Female,127.36.191.91
338,Sallyann,Hill,shill6l@exblog.jp,Female,59.38.121.181
339,Chase,Bedinham,cbedinham6m@godaddy.com,Male,177.107.65.201
340,Nils,Holttom,nholttom6n@flavors.me,Male,167.5.159.209
341,Nahum,Matys,nmatys6o@cpanel.net,Male,99.56.97.233
342,Jeramey,Skalls,jskalls6p@etsy.com,Male,151.71.196.78
343,Ellary,Chark,echark6q@netlog.com,Male,212.28.147.213
344,Camellia,Jeanequin,cjeanequin6r@histats.com,Female,31.135.245.10
345,Sutherlan,Symington,ssymington6s@quantcast.com,Male,199.71.245.183
346,Dorie,Prichard,dprichard6t@addtoany.com,Male,132.209.94.2
347,Coop,Dibbe,cdibbe6u@imageshack.us,Male,120.190.188.23
348,Lisle,Cawkwell,lcawkwell6v@skyrock.com,Male,160.113.35.65
349,Khalil,Lewer,klewer6w@tripod.com,Male,157.175.108.60
350,Andie,Geldard,ageldard6x@mozilla.org,Female,98.48.106.65
351,Corby,Woodburne,cwoodburne6y@statcounter.com,Male,131.183.97.115
352,Saxon,Pegden,spegden6z@surveymonkey.com,Male,193.37.167.76
353,Annmarie,Hince,ahince70@mozilla.com,Female,38.218.194.20
354,Halsy,Michie,hmichie71@networkadvertising.org,Male,94.253.210.30
355,Arie,Kemmish,akemmish72@oracle.com,Male,139.69.185.240
356,Franzen,Cattemull,fcattemull73@blogspot.com,Male,41.191.19.32
357,Maryanna,Fildes,mfildes74@intel.com,Female,187.247.1.49
358,Urban,Boden,uboden75@dagondesign.com,Bigender,158.132.81.49
359,Clayborn,Gronous,cgronous76@nba.com,Male,185.133.198.11
360,Mohandis,Fairpool,mfairpool77@vimeo.com,Male,72.45.171.54
361,Worthy,Delve,wdelve78@phpbb.com,Male,165.135.61.175
362,Asa,Kendall,akendall79@noaa.gov,Male,20.246.93.58
363,Ephraim,Benardet,ebenardet7a@nasa.gov,Male,43.128.10.18
364,Zollie,Pottell,zpottell7b@amazon.co.jp,Male,51.182.54.154
365,Lethia,Bigg,lbigg7c@google.com,Female,133.143.180.184
366,Niven,Battson,nbattson7d@usnews.com,Male,249.92.83.145
367,Cleavland,Kenright,ckenright7e@cbslocal.com,Male,139.122.93.55
368,Adelbert,Hartless,ahartless7f@marriott.com,Male,197.1.98.130
369,Yuma,Attenburrow,yattenburrow7g@pbs.org,Male,41.62.11.86
370,Marjorie,Boulds,mboulds7h@xing.com,Female,195.131.85.221
371,Mariquilla,Sollom,msollom7i@ning.com,Female,181.63.172.21
372,Heida,Barke,hbarke7j@example.com,Female,133.195.140.147
373,Mickie,Yushkin,myushkin7k@weather.com,Male,33.140.231.28
374,Kassia,Treasure,ktreasure7l@hud.gov,Female,214.121.191.167
375,Doris,Noads,dnoads7m@shutterfly.com,Female,163.17.26.225
376,Jennine,Sanbrook,jsanbrook7n@tamu.edu,Female,216.9.128.172
377,Dorree,Byart,dbyart7o@miitbeian.gov.cn,Female,123.244.211.182
378,Ame,Hedgeley,ahedgeley7p@examiner.com,Female,243.152.32.36
379,Whittaker,Keggins,wkeggins7q@facebook.com,Male,239.131.111.145
380,Heather,Coggles,hcoggles7r@ted.com,Female,1.112.240.181
381,Emilie,Lenton,elenton7s@mtv.com,Female,156.208.230.73
382,Sybyl,Brummitt,sbrummitt7t@altervista.org,Female,174.66.110.219
383,Agathe,Spuner,aspuner7u@google.cn,Female,222.129.4.151
384,Josepha,Postgate,jpostgate7v@google.com,Female,35.214.44.196
385,Temp,Leverson,tleverson7w@livejournal.com,Male,132.252.61.187
386,Fran,Sherlaw,fsherlaw7x@amazon.co.jp,Female,39.204.61.91
387,Gilles,Puleque,gpuleque7y@prlog.org,Non-binary,57.237.9.140
388,Kristian,Grelak,kgrelak7z@fc2.com,Male,145.225.226.198
389,Allayne,Kikke,akikke80@imdb.com,Male,57.232.172.58
390,Olivie,Dominey,odominey81@deliciousdays.com,Female,208.29.28.75
391,Mahmoud,Hanbridge,mhanbridge82@imdb.com,Male,16.225.101.238
392,Boote,Greeveson,bgreeveson83@msn.com,Male,94.52.79.54
393,Tracey,Cattellion,tcattellion84@illinois.edu,Male,59.170.86.38
394,Winston,Gerg,wgerg85@gravatar.com,Male,166.118.210.203
395,Calypso,Le Brun,clebrun86@1688.com,Female,243.179.166.113
396,Abbi,Rucklesse,arucklesse87@drupal.org,Female,189.120.51.110
397,Rani,Cranshaw,rcranshaw88@symantec.com,Female,80.212.113.90
398,Clemmy,Libermore,clibermore89@omniture.com,Male,73.225.28.66
399,Christiana,Bletso,cbletso8a@europa.eu,Female,91.149.146.28
400,Greg,Fante,gfante8b@nba.com,Male,255.170.113.40
401,Brandea,Wichard,bwichard8c@github.com,Female,67.137.198.105
402,Mabel,Danilowicz,mdanilowicz8d@businessweek.com,Genderfluid,38.81.8.76
403,Kingsley,Axston,kaxston8e@statcounter.com,Male,238.51.132.215
404,Karol,Creswell,kcreswell8f@home.pl,Female,194.38.210.230
405,Hyman,Over,hover8g@godaddy.com,Male,57.238.6.151
406,Sheila-kathryn,Abrahamian,sabrahamian8h@baidu.com,Female,22.36.94.247
407,Mia,Giacobelli,mgiacobelli8i@miitbeian.gov.cn,Female,215.82.116.138
408,Madelina,Endean,mendean8j@spotify.com,Female,24.116.18.185
409,Celestyn,Hughlock,chughlock8k@bing.com,Agender,126.170.3.80
410,Jeanne,Coultous,jcoultous8l@sina.com.cn,Bigender,37.158.76.29
411,Normy,Sainthill,nsainthill8m@ycombinator.com,Genderqueer,38.17.180.194
412,Immanuel,Sturridge,isturridge8n@spiegel.de,Male,23.88.42.238
413,Cornie,Ubanks,cubanks8o@independent.co.uk,Female,196.231.29.185
414,Foster,Allender,fallender8p@discuz.net,Male,126.64.18.224
415,Wilek,McEvilly,wmcevilly8q@symantec.com,Male,99.131.8.64
416,Daphene,Fright,dfright8r@imgur.com,Female,152.149.175.52
417,Kahaleel,Huson,khuson8s@slideshare.net,Male,3.90.5.56
418,Mignon,Salman,msalman8t@freewebs.com,Female,86.188.193.157
419,Tandy,Paolone,tpaolone8u@netvibes.com,Female,144.65.118.162
420,Gavan,O'Hallihane,gohallihane8v@imageshack.us,Male,199.219.37.53
421,Tamiko,Cobain,tcobain8w@digg.com,Female,85.121.138.178
422,Brigitta,Sisse,bsisse8x@com.com,Female,61.240.8.140
423,Silvain,Durnill,sdurnill8y@opera.com,Male,71.191.129.137
424,Helen,Remnant,hremnant8z@reuters.com,Female,166.95.144.55
425,Danette,Chuck,dchuck90@army.mil,Female,129.147.231.169
426,Helen,Driver,hdriver91@youtu.be,Female,135.82.123.157
427,Danna,Aldridge,daldridge92@cnbc.com,Female,197.144.105.209
428,Maurits,Ineson,mineson93@usgs.gov,Male,183.236.152.147
429,Belita,Jerman,bjerman94@g.co,Female,82.194.252.2
430,Nicholle,Borsnall,nborsnall95@java.com,Female,59.131.230.250
431,Arley,Pencott,apencott96@wunderground.com,Male,73.167.161.124
432,Rochella,Boch,rboch97@blogspot.com,Female,1.191.213.204
433,Danna,Esmonde,desmonde98@paypal.com,Genderfluid,122.133.73.40
434,Bert,Jirak,bjirak99@princeton.edu,Female,22.254.144.134
435,Kaitlyn,Chrstine,kchrstine9a@rakuten.co.jp,Female,219.179.235.80
436,Aluin,Ackerley,aackerley9b@ihg.com,Male,179.244.43.79
437,Thebault,Arendsen,tarendsen9c@nature.com,Male,66.36.109.247
438,Brenna,Davidou,bdavidou9d@fda.gov,Female,95.219.39.186
439,Malvina,Englishby,menglishby9e@csmonitor.com,Female,40.185.123.108
440,Gallagher,Rowet,growet9f@flickr.com,Agender,190.1.126.99
441,Jillane,Rodbourne,jrodbourne9g@macromedia.com,Female,10.1.3.5
442,Marv,Hargreves,mhargreves9h@ftc.gov,Male,45.77.126.188
443,Fanchette,Kauscher,fkauscher9i@shareasale.com,Genderfluid,88.166.254.176
444,Gaye,Fortoun,gfortoun9j@geocities.com,Female,105.129.149.85
445,Myrta,Ritter,mritter9k@thetimes.co.uk,Female,72.105.138.227
446,Armand,Exer,aexer9l@sohu.com,Male,150.103.115.31
447,Brinna,Proschek,bproschek9m@unc.edu,Female,169.185.171.239
448,Ruperta,Buffery,rbuffery9n@ucla.edu,Female,162.222.107.186
449,Trace,Douty,tdouty9o@aol.com,Male,142.212.52.248
450,Jaquith,Stafford,jstafford9p@paginegialle.it,Female,142.199.157.174
451,Dacy,Greasty,dgreasty9q@prlog.org,Female,57.130.106.214
452,Hynda,Sailor,hsailor9r@addtoany.com,Female,233.51.48.60
453,Mignonne,Stollenbecker,mstollenbecker9s@rediff.com,Female,219.113.140.126
454,Kaycee,Trasler,ktrasler9t@mit.edu,Female,22.112.5.186
455,Ram,Rayson,rrayson9u@amazonaws.com,Male,172.66.213.175
456,Elysee,Knibb,eknibb9v@msn.com,Female,123.64.32.50
457,Hurlee,Jencey,hjencey9w@google.com.br,Male,22.113.9.7
458,Melinda,Flament,mflament9x@google.ca,Female,54.3.236.159
459,Igor,Scorton,iscorton9y@drupal.org,Male,177.254.146.173
460,Mitchel,Bebb,mbebb9z@tmall.com,Male,46.69.97.245
461,Jacqui,Ambrogini,jambroginia0@virginia.edu,Female,150.103.96.8
462,Leon,Thow,lthowa1@biblegateway.com,Male,70.251.173.189
463,Den,McCullagh,dmccullagha2@nhs.uk,Male,103.136.190.75
464,Elli,Cella,ecellaa3@gov.uk,Agender,0.120.199.137
465,Meryl,Curnow,mcurnowa4@ca.gov,Female,211.71.168.92
466,Alfonso,Skerratt,askerratta5@biglobe.ne.jp,Male,220.38.42.224
467,Jerry,Guillon,jguillona6@reference.com,Female,38.114.39.219
468,Babita,Taree,btareea7@vkontakte.ru,Female,18.232.60.232
469,Car,Snowball,csnowballa8@360.cn,Male,117.161.79.107
470,Gage,McOwen,gmcowena9@issuu.com,Male,108.121.177.91
471,Mayor,McElory,mmceloryaa@blogspot.com,Male,249.124.31.103
472,Drusi,Vernall,dvernallab@mapquest.com,Female,178.115.37.211
473,Miof mela,McFayden,mmcfaydenac@privacy.gov.au,Female,61.72.204.158
474,Nydia,Hegdonne,nhegdonnead@jiathis.com,Female,154.98.134.243
475,Mac,Hew,mhewae@themeforest.net,Male,247.99.40.77
476,Thom,Bollis,tbollisaf@paginegialle.it,Male,187.204.127.18
477,Leigh,Showers,lshowersag@live.com,Non-binary,102.11.154.27
478,Eleanora,O'Hagirtie,eohagirtieah@stumbleupon.com,Bigender,172.6.33.47
479,Herminia,Atwood,hatwoodai@diigo.com,Female,89.170.224.10
480,Aridatha,Alpine,aalpineaj@nyu.edu,Polygender,134.162.146.39
481,Arvie,Rawsthorne,arawsthorneak@unblog.fr,Male,202.250.175.203
482,Gasper,Hupe,ghupeal@trellian.com,Male,193.110.255.235
483,Adriaens,Swiggs,aswiggsam@npr.org,Female,151.227.4.62
484,Lise,Lawley,llawleyan@vinaora.com,Female,169.231.95.52
485,Hershel,Tuckett,htuckettao@dropbox.com,Male,229.47.90.74
486,Amble,Goncalo,agoncaloap@soup.io,Bigender,125.12.243.45
487,Claudina,Ambrogelli,cambrogelliaq@mediafire.com,Female,1.208.82.113
488,Etienne,Cregan,ecreganar@goo.gl,Male,19.100.101.199
489,Hymie,Gaspar,hgasparas@goo.gl,Male,70.30.8.144
490,Loraine,Benito,lbenitoat@aboutads.info,Female,31.93.205.247
491,Jacinthe,Davage,jdavageau@sitemeter.com,Polygender,135.105.51.76
492,Valery,Handy,vhandyav@google.co.jp,Female,180.79.128.177
493,Fallon,Grisard,fgrisardaw@xinhuanet.com,Female,218.49.57.254
494,Clemmie,Rottcher,crottcherax@pen.io,Male,239.133.13.221
495,Rhys,Bampfield,rbampfielday@bizjournals.com,Male,151.201.67.25
496,Maxim,Tolan,mtolanaz@salon.com,Male,7.192.105.0
497,Augustin,Topliss,atoplissb0@reference.com,Male,249.58.115.138
498,Nanci,Lebang,nlebangb1@epa.gov,Female,153.140.218.23
499,Sholom,Bryers,sbryersb2@bigcartel.com,Non-binary,96.6.73.20
500,Friederike,Pauley,fpauleyb3@vimeo.com,Female,57.138.109.120
501,Ruben,Gulvin,rgulvinb4@mashable.com,Male,166.13.40.47
502,Martica,Shayler,mshaylerb5@apache.org,Female,196.40.58.14
503,Ainslie,Barwick,abarwickb6@thetimes.co.uk,Female,234.44.122.134
504,Emelia,Wellard,ewellardb7@marriott.com,Female,105.198.111.172
505,Sargent,Petrik,spetrikb8@businesswire.com,Male,15.140.162.218
506,Fons,Chaters,fchatersb9@msu.edu,Male,21.241.157.24
507,Ryann,Hubach,rhubachba@seesaa.net,Female,21.105.194.255
508,Dyna,Summersby,dsummersbybb@thetimes.co.uk,Female,135.23.186.249
509,Hilary,Eddleston,heddlestonbc@archive.org,Male,39.253.225.32
510,Traver,Bent,tbentbd@ox.ac.uk,Male,53.205.252.123
511,Fianna,Rubega,frubegabe@hubpages.com,Female,104.49.37.132
512,Jenn,Matanin,jmataninbf@nationalgeographic.com,Female,74.213.205.24
513,Grazia,Hew,ghewbg@bloglovin.com,Female,230.204.32.178
514,Hyacinth,Jagiela,hjagielabh@moonfruit.com,Female,187.101.224.151
515,Karola,Audsley,kaudsleybi@tmall.com,Female,213.104.236.128
516,Nadeen,Nunson,nnunsonbj@sciencedaily.com,Female,199.148.53.12
517,Lawton,Mammatt,lmammattbk@pinterest.com,Male,10.142.211.120
518,Desiree,Allawy,dallawybl@pcworld.com,Female,253.62.96.61
519,Raff,MacAdie,rmacadiebm@hc360.com,Male,176.220.19.114
520,Sheila-kathryn,Jaher,sjaherbn@oracle.com,Female,173.210.79.132
521,Gaelan,Zupone,gzuponebo@addtoany.com,Male,81.118.168.126
522,Nellie,Radbond,nradbondbp@slate.com,Female,52.205.201.75
523,Orella,Spensly,ospenslybq@wikimedia.org,Female,104.192.38.181
524,Rochester,Hele,rhelebr@google.co.jp,Male,151.52.225.130
525,Gennifer,Mungane,gmunganebs@jimdo.com,Female,213.124.252.99
526,Denyse,Skures,dskuresbt@google.it,Female,138.175.121.107
527,Persis,Rushford,prushfordbu@adobe.com,Female,126.73.126.189
528,Reese,Vaney,rvaneybv@samsung.com,Male,91.105.248.22
529,Averil,Mallett,amallettbw@dagondesign.com,Male,40.160.120.153
530,Isabeau,Sokale,isokalebx@blogspot.com,Female,202.189.250.118
531,Frankie,Syphas,fsyphasby@surveymonkey.com,Male,113.214.138.174
532,Zachery,Gatecliff,zgatecliffbz@tinyurl.com,Male,216.117.248.216
533,Nicoline,Saterthwait,nsaterthwaitc0@freewebs.com,Female,175.170.41.4
534,Renata,Beldom,rbeldomc1@instagram.com,Female,139.232.24.238
535,Dal,Carnachen,dcarnachenc2@google.com,Male,44.128.121.85
536,Jamill,Dilley,jdilleyc3@blogspot.com,Male,174.165.206.79
537,Claire,Robak,crobakc4@vistaprint.com,Male,89.104.169.38
538,Berry,Jiri,bjiric5@springer.com,Female,69.218.223.141
539,Wallie,Folkerts,wfolkertsc6@nyu.edu,Female,153.24.6.158
540,Yvor,Lafont,ylafontc7@webmd.com,Male,5.233.3.238
541,Lilllie,Shurey,lshureyc8@google.com.br,Female,196.255.38.249
542,Gweneth,Pryce,gprycec9@hubpages.com,Female,132.196.197.55
543,Brear,Mulkerrins,bmulkerrinsca@google.cn,Female,8.235.94.151
544,Collie,Duffield,cduffieldcb@google.ru,Female,204.8.43.60
545,Reginauld,Seint,rseintcc@w3.org,Male,112.22.2.84
546,Gayelord,Paulsen,gpaulsencd@xinhuanet.com,Male,108.124.71.5
547,Allyn,Holwell,aholwellce@sogou.com,Female,154.140.31.12
548,Paolina,Fowles,pfowlescf@state.tx.us,Female,31.140.210.201
549,Stormy,Tulley,stulleycg@taobao.com,Female,96.234.244.252
550,Brittani,Yakubov,byakubovch@twitter.com,Female,71.161.136.181
551,Nissy,Eat,neatci@e-recht24.de,Female,18.63.210.50
552,Ottilie,Chifney,ochifneycj@live.com,Female,191.69.134.229
553,Hersch,Grissett,hgrissettck@phpbb.com,Male,68.240.50.36
554,Willette,O'Collopy,wocollopycl@wikia.com,Female,67.250.92.69
555,Keelby,Rosbottom,krosbottomcm@craigslist.org,Male,91.197.205.212
556,Julio,Marklow,jmarklowcn@nytimes.com,Agender,171.84.1.192
557,Goldia,Poxson,gpoxsonco@usda.gov,Genderqueer,177.245.88.243
558,Archibald,Albers,aalberscp@de.vu,Male,225.39.178.243
559,Terri,Blenkinsopp,tblenkinsoppcq@domainmarket.com,Male,111.66.1.39
560,Grenville,Lycett,glycettcr@themeforest.net,Genderqueer,149.144.11.206
561,Giorgio,Mackro,gmackrocs@ed.gov,Male,193.195.194.28
562,Ingar,MacNalley,imacnalleyct@angelfire.com,Genderfluid,159.132.225.123
563,Donnell,Spoors,dspoorscu@europa.eu,Male,207.145.56.155
564,Gilberte,Hallan,ghallancv@reddit.com,Female,193.105.52.187
565,Robinette,Thomassen,rthomassencw@sphinn.com,Female,5.38.118.145
566,Berny,Owttrim,bowttrimcx@list-manage.com,Female,206.168.189.242
567,Florry,Charlick,fcharlickcy@hubpages.com,Female,58.62.156.109
568,Krishnah,Tyrrell,ktyrrellcz@ebay.co.uk,Male,30.178.118.125
569,Trstram,Crush,tcrushd0@miibeian.gov.cn,Male,235.124.42.55
570,Gaby,Nore,gnored1@tripadvisor.com,Female,227.150.189.6
571,Orelie,Seage,oseaged2@ftc.gov,Female,191.87.50.51
572,Matthias,Mabe,mmabed3@zdnet.com,Agender,102.25.159.148
573,Godwin,Fisbey,gfisbeyd4@yale.edu,Male,41.213.203.42
574,Grazia,Lantaph,glantaphd5@jigsy.com,Female,248.218.250.174
575,Chickie,Antoniewski,cantoniewskid6@nsw.gov.au,Female,79.32.37.22
576,Basile,Maxworthy,bmaxworthyd7@hubpages.com,Male,136.41.240.80
577,Glendon,Calender,gcalenderd8@epa.gov,Male,0.4.63.11
578,Vernice,Aiskovitch,vaiskovitchd9@photobucket.com,Female,63.185.198.237
579,Brook,Bounde,bboundeda@businesswire.com,Male,48.140.177.37
580,Bekki,Ernshaw,bernshawdb@plala.or.jp,Female,155.102.25.66
581,Quentin,Mullineux,qmullineuxdc@npr.org,Female,58.102.5.21
582,Kirbee,Roddell,kroddelldd@abc.net.au,Female,88.124.254.194
583,Jeni,Thornton-Dewhirst,jthorntondewhirstde@rakuten.co.jp,Female,194.45.229.252
584,Gerri,McQuilty,gmcquiltydf@bloglines.com,Male,159.241.222.127
585,Valentina,Learoyd,vlearoyddg@nydailynews.com,Female,249.13.139.127
586,Dale,Domaschke,ddomaschkedh@home.pl,Female,248.88.142.173
587,Danell,Armatidge,darmatidgedi@clickbank.net,Female,23.99.248.176
588,Adrianna,Cortese,acortesedj@prlog.org,Female,124.108.183.156
589,Shurlock,Harnetty,sharnettydk@desdev.cn,Male,138.150.146.195
590,Carlos,Arnaldi,carnaldidl@spiegel.de,Male,91.31.116.48
591,Hayyim,Amber,hamberdm@youtube.com,Male,171.122.5.238
592,Dyanna,Rawet,drawetdn@columbia.edu,Female,173.130.122.239
593,Ranna,Balog,rbalogdo@51.la,Female,212.64.6.19
594,Ketty,Anchor,kanchordp@networksolutions.com,Female,54.129.165.50
595,Jared,Reffe,jreffedq@guardian.co.uk,Male,9.40.107.102
596,Dulcie,Tabard,dtabarddr@reddit.com,Female,227.47.229.174
597,Willow,Viel,wvields@gov.uk,Female,206.93.218.35
598,Norrie,Hassall,nhassalldt@slideshare.net,Male,15.196.40.48
599,Madlin,Couzens,mcouzensdu@globo.com,Female,9.201.232.212
600,Malchy,Abbiss,mabbissdv@arstechnica.com,Genderqueer,24.118.227.52
601,Lucinda,Sneezem,lsneezemdw@washingtonpost.com,Female,245.236.38.123
602,Raffarty,Heather,rheatherdx@51.la,Male,185.205.52.115
603,Elfie,Jeanneau,ejeanneaudy@usatoday.com,Female,216.132.101.183
604,Brnaby,Guynemer,bguynemerdz@myspace.com,Non-binary,208.30.34.139
605,Janean,Weekes,jweekese0@ed.gov,Female,20.115.25.154
606,Jaquenette,Pauncefort,jpaunceforte1@icq.com,Female,3.29.201.222
607,Bridget,Bucky,bbuckye2@bbc.co.uk,Female,161.77.169.42
608,Albina,Buye,abuyee3@blogger.com,Polygender,58.18.212.206
609,Sayer,Holwell,sholwelle4@mayoclinic.com,Male,91.102.172.115
610,Red,Fawdrie,rfawdriee5@cbc.ca,Male,185.13.186.219
611,Evangeline,Auton,eautone6@prnewswire.com,Female,18.197.2.104
612,Chrissy,Goncalo,cgoncaloe7@drupal.org,Female,113.68.231.76
613,Candra,Popplewell,cpopplewelle8@behance.net,Polygender,8.189.176.96
614,Osmond,Probets,oprobetse9@plala.or.jp,Male,220.73.215.125
615,Tome,Moyles,tmoylesea@cyberchimps.com,Male,61.202.204.243
616,Augie,Haccleton,ahaccletoneb@unicef.org,Bigender,80.83.130.119
617,Leanora,Yuille,lyuilleec@auda.org.au,Female,218.93.101.88
618,Cash,Timmermann,ctimmermanned@cnn.com,Male,97.146.179.45
619,Mignon,Bogies,mbogiesee@mozilla.org,Female,115.7.76.47
620,Shae,Greatrakes,sgreatrakesef@cocolog-nifty.com,Female,41.13.56.153
621,Haze,Byrne,hbyrneeg@etsy.com,Male,73.210.32.9
622,Maximilien,McGing,mmcgingeh@columbia.edu,Male,156.110.51.63
623,Corrinne,McKeefry,cmckeefryei@qq.com,Female,61.217.137.166
624,Mac,Teresse,mteresseej@discuz.net,Male,20.183.219.14
625,Krystle,Tankus,ktankusek@sohu.com,Female,126.62.159.16
626,Levy,Duffin,lduffinel@topsy.com,Male,242.79.194.35
627,Barr,Upham,buphamem@mapy.cz,Polygender,236.120.242.228
628,Mendel,Campos,mcamposen@devhub.com,Male,170.10.19.78
629,Zabrina,Ivens,zivenseo@imgur.com,Female,255.56.1.60
630,Franciskus,Fitzsimmons,ffitzsimmonsep@ocn.ne.jp,Male,233.66.185.214
631,Tan,Stidever,tstidevereq@g.co,Male,144.196.65.70
632,Carmelle,Benford,cbenforder@php.net,Female,43.212.193.211
633,Harv,Palmby,hpalmbyes@surveymonkey.com,Male,64.196.202.57
634,Doe,Bristowe,dbristoweet@plala.or.jp,Female,211.99.222.160
635,Diahann,Marcombe,dmarcombeeu@edublogs.org,Female,182.223.41.139
636,Harlin,Plott,hplottev@tiny.cc,Male,188.66.193.214
637,Judd,Vairow,jvairowew@pcworld.com,Male,112.77.232.203
638,Edik,Skett,eskettex@epa.gov,Male,107.182.49.1
639,Aurore,Guilloud,aguilloudey@acquirethisname.com,Female,51.242.130.171
640,Matty,Huddlestone,mhuddlestoneez@webmd.com,Genderfluid,164.71.216.25
641,Vanny,Beasant,vbeasantf0@weibo.com,Female,138.163.201.215
642,Sheridan,Coombs,scoombsf1@de.vu,Bigender,143.182.199.152
643,Terrell,Newborn,tnewbornf2@surveymonkey.com,Polygender,56.124.106.151
644,Mill,Snewin,msnewinf3@shutterfly.com,Male,79.11.218.75
645,Eugenie,Adrianello,eadrianellof4@ustream.tv,Female,115.186.185.88
646,Kelcy,Melmoth,kmelmothf5@slideshare.net,Non-binary,196.70.68.104
647,Allissa,Olyfant,aolyfantf6@pagesperso-orange.fr,Female,214.160.200.120
648,Natassia,Berling,nberlingf7@google.de,Bigender,72.242.117.103
649,Brant,Luparti,blupartif8@printfriendly.com,Male,141.140.224.179
650,Nickolai,Ocheltree,nocheltreef9@oakley.com,Male,129.209.171.119
651,Nanette,Philipsohn,nphilipsohnfa@jugem.jp,Female,121.149.216.37
652,Elise,Ransley,eransleyfb@craigslist.org,Agender,226.241.61.86
653,Noemi,Quinell,nquinellfc@pbs.org,Female,66.66.78.207
654,Abbie,Giocannoni,agiocannonifd@homestead.com,Female,131.217.69.44
655,Pasquale,Lampbrecht,plampbrechtfe@latimes.com,Male,0.130.215.224
656,Carrie,Lensch,clenschff@angelfire.com,Female,68.123.14.175
657,Ruthie,Musgrove,rmusgrovefg@bloglovin.com,Female,243.8.197.137
658,Hamish,Dorrell,hdorrellfh@berkeley.edu,Male,215.29.167.93
659,Sara-ann,Bertomier,sbertomierfi@icio.us,Female,172.167.154.218
660,Ellynn,Sirette,esirettefj@dropbox.com,Agender,41.246.44.104
661,Iggie,Akett,iakettfk@google.co.uk,Male,75.35.217.178
662,Burl,Coling,bcolingfl@google.co.uk,Male,64.219.123.115
663,Jordon,Golthorpp,jgolthorppfm@51.la,Male,212.221.161.146
664,Alberik,Perryman,aperrymanfn@yelp.com,Male,140.118.121.154
665,Tremain,Mundell,tmundellfo@networkadvertising.org,Male,172.20.38.150
666,Lesya,Colthard,lcolthardfp@alexa.com,Female,168.112.253.214
667,Christoforo,Cronchey,ccroncheyfq@wired.com,Genderfluid,146.24.190.243
668,Evangelina,Gillebert,egillebertfr@feedburner.com,Female,26.171.53.93
669,Saleem,Barnett,sbarnettfs@spotify.com,Male,96.107.161.178
670,Jacinthe,McRobb,jmcrobbft@narod.ru,Female,41.24.111.252
671,Skippy,Southerden,ssoutherdenfu@theglobeandmail.com,Male,59.43.155.94
672,Trip,Cescot,tcescotfv@who.int,Male,17.43.12.225
673,Ginger,Kerwin,gkerwinfw@cnet.com,Male,5.246.253.76
674,Malvin,Spence,mspencefx@bizjournals.com,Male,76.210.123.113
675,Page,Eslie,pesliefy@github.com,Female,43.55.155.220
676,Drucill,Ralph,dralphfz@alibaba.com,Female,16.135.19.34
677,Debby,Brugden,dbrugdeng0@state.gov,Female,222.238.210.66
678,Florinda,Dackombe,fdackombeg1@eepurl.com,Female,37.115.75.140
679,Keri,Meaden,kmeadeng2@jimdo.com,Female,224.93.94.85
680,Tony,Weadick,tweadickg3@arstechnica.com,Female,109.3.254.107
681,Ellie,Martinello,emartinellog4@acquirethisname.com,Female,38.223.65.95
682,Gian,Crowd,gcrowdg5@icq.com,Male,59.246.147.195
683,Rozanna,Kepp,rkeppg6@japanpost.jp,Female,39.181.105.8
684,Louie,Drummond,ldrummondg7@networksolutions.com,Male,123.131.248.221
685,Redford,Kerry,rkerryg8@is.gd,Male,232.149.217.217
686,Alix,Seviour,aseviourg9@freewebs.com,Female,222.215.57.121
687,Shalna,McCreadie,smccreadiega@nhs.uk,Female,103.159.124.92
688,Giselbert,Mouncher,gmounchergb@prlog.org,Male,190.229.53.113
689,Tessy,Lamba,tlambagc@xinhuanet.com,Female,100.133.212.136
690,Melisenda,Andrat,mandratgd@washingtonpost.com,Female,221.92.240.237
691,Town,Dairton,tdairtonge@imageshack.us,Male,186.238.181.184
692,Lowell,Golland,lgollandgf@psu.edu,Male,156.249.196.242
693,Ugo,Ruspine,uruspinegg@privacy.gov.au,Male,58.132.67.151
694,Geneva,Blaymires,gblaymiresgh@bing.com,Female,174.99.128.46
695,Rodrick,Adamiec,radamiecgi@privacy.gov.au,Male,240.73.109.85
696,Winona,Laytham,wlaythamgj@who.int,Female,66.42.75.112
697,Stevy,Volke,svolkegk@examiner.com,Male,208.199.109.76
698,Mallory,Greenway,mgreenwaygl@ted.com,Male,49.53.88.43
699,Zebedee,Dingate,zdingategm@nba.com,Male,215.253.6.29
700,Tyrus,Quemby,tquembygn@facebook.com,Male,125.179.79.56
701,Patrice,Starcks,pstarcksgo@yahoo.co.jp,Male,107.29.113.185
702,Marj,Fernie,mferniegp@yolasite.com,Female,194.214.69.4
703,Dalis,Lownsbrough,dlownsbroughgq@prlog.org,Male,132.155.65.186
704,Gregorius,Frotton,gfrottongr@unesco.org,Male,146.47.191.199
705,Elden,Di Napoli,edinapoligs@washington.edu,Male,123.137.100.191
706,Thaddus,Harburtson,tharburtsongt@comsenz.com,Genderqueer,209.78.104.46
707,Devon,Affron,daffrongu@infoseek.co.jp,Female,215.247.22.116
708,Paten,Weatherall,pweatherallgv@archive.org,Male,12.236.63.43
709,Libbi,Girardey,lgirardeygw@parallels.com,Female,186.188.242.81
710,Delmore,Schutze,dschutzegx@google.it,Male,13.167.88.97
711,Lucias,Olivera,loliveragy@histats.com,Male,167.168.182.154
712,Cissy,Mouget,cmougetgz@google.co.uk,Non-binary,140.45.224.83
713,Rafaello,Capun,rcapunh0@marketwatch.com,Male,54.62.117.70
714,Allianora,Allenson,aallensonh1@fema.gov,Female,65.77.59.162
715,Salome,Loughran,sloughranh2@nih.gov,Female,214.83.35.248
716,Rayna,Kingsnod,rkingsnodh3@uiuc.edu,Female,158.134.173.207
717,Denver,Rowlstone,drowlstoneh4@usgs.gov,Male,78.138.248.226
718,Mildred,Cassin,mcassinh5@instagram.com,Female,131.21.215.144
719,Evangelina,Carluccio,ecarluccioh6@oracle.com,Female,243.113.173.69
720,Jehanna,Sanday,jsandayh7@sina.com.cn,Female,66.13.48.166
721,Karine,Grenshiels,kgrenshielsh8@illinois.edu,Female,14.129.156.106
722,Tiler,Moulson,tmoulsonh9@alexa.com,Male,153.151.210.31
723,Kaja,Cheverton,kchevertonha@epa.gov,Female,184.56.2.102
724,Jeanie,Biswell,jbiswellhb@unesco.org,Female,83.196.96.27
725,Murial,Andrivot,mandrivothc@businessweek.com,Female,241.226.70.16
726,Salvador,Plumptre,splumptrehd@youtube.com,Male,188.157.32.35
727,Padraic,Grevatt,pgrevatthe@omniture.com,Male,240.84.57.2
728,Darius,Burdass,dburdasshf@businessweek.com,Male,227.181.110.147
729,Paula,Balding,pbaldinghg@comcast.net,Female,234.97.106.19
730,Corey,Fidgeon,cfidgeonhh@moonfruit.com,Female,166.220.67.49
731,Yule,Geerling,ygeerlinghi@yandex.ru,Male,80.196.212.208
732,Frank,Safhill,fsafhillhj@ihg.com,Female,178.151.167.252
733,Charlton,Maud,cmaudhk@blogspot.com,Male,164.24.170.22
734,Earl,Rapa,erapahl@google.es,Male,3.122.91.51
735,Bordy,Wormell,bwormellhm@scribd.com,Male,224.132.127.45
736,Donal,Eard,deardhn@cocolog-nifty.com,Male,48.188.163.114
737,Joanna,Markson,jmarksonho@wp.com,Female,196.217.37.162
738,Frederico,Shippard,fshippardhp@telegraph.co.uk,Male,240.173.205.66
739,Keslie,Flintiff,kflintiffhq@dmoz.org,Female,15.107.134.158
740,Diahann,Petry,dpetryhr@yelp.com,Female,188.206.30.214
741,Caralie,Ibel,cibelhs@xing.com,Female,4.2.26.105
742,Rebe,Montfort,rmontfortht@tamu.edu,Female,92.199.29.245
743,Daniele,Sizeland,dsizelandhu@abc.net.au,Female,164.108.19.170
744,Broddie,Cod,bcodhv@deliciousdays.com,Male,255.71.129.233
745,Clare,Accum,caccumhw@bloomberg.com,Male,100.239.176.189
746,Patton,Thornborrow,pthornborrowhx@networkadvertising.org,Male,133.209.21.31
747,Dougie,Rummings,drummingshy@si.edu,Male,38.54.119.24
748,Ceciley,Kydd,ckyddhz@bluehost.com,Female,108.148.123.235
749,Bobine,Spragge,bspraggei0@netlog.com,Female,73.172.58.49
750,Ashleigh,McKeurton,amckeurtoni1@cnbc.com,Female,81.218.192.242
751,Gaston,Allison,gallisoni2@skype.com,Male,231.157.242.139
752,Nelia,Damarell,ndamarelli3@wired.com,Genderfluid,10.77.101.253
753,Brod,Lyfield,blyfieldi4@google.ca,Male,147.87.188.153
754,Baird,Hudspeth,bhudspethi5@seattletimes.com,Male,22.235.73.135
755,Wilburt,Sreenan,wsreenani6@discuz.net,Male,216.185.143.51
756,Kingsley,Nealy,knealyi7@amazon.de,Male,195.55.76.48
757,Goddart,Junifer,gjuniferi8@weather.com,Male,82.121.24.69
758,Sheba,Calyton,scalytoni9@pen.io,Non-binary,130.149.101.13
759,Risa,Westhofer,rwesthoferia@theglobeandmail.com,Genderfluid,123.67.64.107
760,Jolee,Chastenet,jchastenetib@ask.com,Female,202.22.115.185
761,Pepe,Pleavin,ppleavinic@reuters.com,Male,158.218.249.20
762,Alvy,Cresar,acresarid@scientificamerican.com,Male,108.0.130.152
763,Norma,de Grey,ndegreyie@tamu.edu,Female,23.33.124.13
764,Eveleen,Turk,eturkif@livejournal.com,Female,46.224.44.19
765,Alexandros,Spurgeon,aspurgeonig@shutterfly.com,Male,40.206.78.81
766,Myrtie,Skoggins,mskogginsih@parallels.com,Female,74.10.193.56
767,Clim,Stinton,cstintonii@clickbank.net,Male,254.157.83.80
768,Oralle,Ettridge,oettridgeij@ft.com,Female,72.125.110.215
769,Baron,Cowl,bcowlik@vinaora.com,Male,162.221.144.98
770,Carmina,Tuffley,ctuffleyil@live.com,Female,18.135.192.29
771,Heywood,Jansik,hjansikim@myspace.com,Male,76.247.127.155
772,Brigitta,Turk,bturkin@tripod.com,Female,130.100.232.24
773,Lee,Mulvihill,lmulvihillio@elegantthemes.com,Female,171.228.180.246
774,Nap,Jeenes,njeenesip@unc.edu,Male,245.168.56.6
775,Aloise,Cancellieri,acancellieriiq@harvard.edu,Female,77.181.28.129
776,Mirelle,Vasilov,mvasilovir@imdb.com,Female,67.209.26.30
777,Gaile,Surgeoner,gsurgeoneris@discovery.com,Male,235.61.63.65
778,Joleen,Titterton,jtittertonit@mlb.com,Female,191.209.171.83
779,Cecil,Budgey,cbudgeyiu@sciencedirect.com,Female,118.60.240.204
780,Dennie,Mainston,dmainstoniv@1688.com,Female,211.69.70.121
781,Addia,Langtry,alangtryiw@wix.com,Female,60.192.171.116
782,Genny,Dericot,gdericotix@pen.io,Female,124.51.61.70
783,Oberon,Gaddesby,ogaddesbyiy@twitter.com,Male,66.206.104.21
784,Birk,Nassi,bnassiiz@guardian.co.uk,Male,10.65.251.159
785,Lucinda,Sellack,lsellackj0@china.com.cn,Female,242.70.217.88
786,Celeste,Duffet,cduffetj1@nifty.com,Female,222.193.48.182
787,Gilles,Staddart,gstaddartj2@chron.com,Male,13.59.251.11
788,Burgess,Stothert,bstothertj3@ask.com,Male,107.19.167.4
789,Keene,Synnott,ksynnottj4@goo.gl,Male,58.228.209.148
790,Tommie,Wiltshear,twiltshearj5@nsw.gov.au,Male,189.73.114.112
791,Hilary,Novacek,hnovacekj6@cnet.com,Male,157.95.105.4
792,Vernon,Shervil,vshervilj7@redcross.org,Male,50.16.221.178
793,Thomasin,Bowland,tbowlandj8@artisteer.com,Female,133.246.41.169
794,Miner,Meininking,mmeininkingj9@netlog.com,Male,4.72.124.182
795,Rosabel,Rodger,rrodgerja@liveinternet.ru,Female,91.169.52.21
796,Collete,Missenden,cmissendenjb@myspace.com,Female,230.28.193.211
797,Libbie,Lindro,llindrojc@nba.com,Genderqueer,156.251.9.125
798,Marielle,Kamiyama,mkamiyamajd@joomla.org,Female,206.51.136.189
799,Husein,Domerc,hdomercje@aboutads.info,Male,158.176.164.111
800,Putnem,Kilbourne,pkilbournejf@unblog.fr,Bigender,213.159.223.255
801,Cynthia,Grolmann,cgrolmannjg@domainmarket.com,Agender,86.159.111.248
802,Lucille,Alliban,lallibanjh@tamu.edu,Female,146.101.108.138
803,Ode,Vanyukov,ovanyukovji@mac.com,Male,55.237.200.3
804,Brittaney,Aimeric,baimericjj@tiny.cc,Female,103.139.8.41
805,Carmine,Jenson,cjensonjk@networkadvertising.org,Female,240.136.108.66
806,Adam,Creebo,acreebojl@upenn.edu,Male,102.175.51.73
807,Izzy,Steers,isteersjm@slideshare.net,Genderfluid,237.150.21.72
808,Michaelina,Hyatt,mhyattjn@nasa.gov,Female,37.32.54.201
809,Inglis,Lohan,ilohanjo@mail.ru,Male,213.185.8.213
810,Allistir,Probin,aprobinjp@mapy.cz,Male,124.180.175.144
811,Raoul,Harcarse,rharcarsejq@comsenz.com,Genderqueer,108.138.235.40
812,Garth,Olivi,golivijr@issuu.com,Male,124.208.30.163
813,Larine,Willoughby,lwilloughbyjs@google.it,Female,161.34.116.105
814,Fielding,De la Harpe,fdelaharpejt@spotify.com,Male,238.134.109.231
815,Goldia,Powys,gpowysju@shinystat.com,Female,150.166.6.225
816,Guthrey,Habens,ghabensjv@washington.edu,Male,141.127.59.98
817,Tyrone,Kelberer,tkelbererjw@pinterest.com,Genderqueer,175.112.99.170
818,Averell,Eastop,aeastopjx@wikia.com,Male,99.129.225.87
819,Umeko,Beed,ubeedjy@china.com.cn,Female,81.158.254.34
820,Virginia,O'Reilly,voreillyjz@blogtalkradio.com,Female,58.102.191.86
821,Florida,Ackland,facklandk0@mozilla.com,Female,225.58.20.109
822,Dominik,Mc Caughen,dmccaughenk1@cpanel.net,Male,240.89.3.63
823,Arvy,Fernihough,afernihoughk2@europa.eu,Male,219.62.156.228
824,Glyn,Shillam,gshillamk3@unicef.org,Female,38.171.42.15
825,Timmy,Perrelle,tperrellek4@yellowpages.com,Female,167.75.86.185
826,Ynes,MacKeeg,ymackeegk5@guardian.co.uk,Female,198.229.163.168
827,Hirsch,Axelby,haxelbyk6@home.pl,Male,122.41.169.68
828,Beckie,Leehane,bleehanek7@tripadvisor.com,Female,104.20.58.35
829,Lilllie,Huot,lhuotk8@wordpress.org,Female,131.60.53.131
830,Granger,Manach,gmanachk9@booking.com,Male,235.166.154.243
831,Josiah,Seid,jseidka@yahoo.com,Male,235.5.54.228
832,Lew,Scotsbrook,lscotsbrookkb@hubpages.com,Male,18.206.111.60
833,Tabb,Coad,tcoadkc@angelfire.com,Male,194.184.25.159
834,Kathye,Raper,kraperkd@addtoany.com,Female,89.140.38.141
835,Rodolph,Keyzman,rkeyzmanke@imageshack.us,Male,84.62.84.192
836,Cyrus,Couser,ccouserkf@ustream.tv,Male,183.51.187.201
837,Esra,Spleving,esplevingkg@constantcontact.com,Male,239.199.98.232
838,Belia,Heap,bheapkh@nps.gov,Female,51.92.143.53
839,Bibbye,Eynald,beynaldki@freewebs.com,Female,169.128.113.105
840,Bev,Pocknoll,bpocknollkj@hao123.com,Male,202.236.62.139
841,Normie,Leindecker,nleindeckerkk@abc.net.au,Male,133.64.103.23
842,Anna-diana,Birchwood,abirchwoodkl@hc360.com,Female,189.4.179.252
843,Charis,Dykins,cdykinskm@icq.com,Female,69.27.235.151
844,Adoree,Parham,aparhamkn@samsung.com,Female,94.41.61.78
845,Malanie,Amiable,mamiableko@xinhuanet.com,Female,149.147.95.223
846,Karyn,Milberry,kmilberrykp@home.pl,Female,227.243.232.120
847,Devy,Brydson,dbrydsonkq@ocn.ne.jp,Male,110.115.184.120
848,Hy,Howes,hhoweskr@github.com,Male,204.116.225.25
849,Natalie,Rymer,nrymerks@prweb.com,Female,88.1.210.168
850,Lin,Tirkin,ltirkinkt@histats.com,Female,250.52.251.57
851,Pete,Gilchrest,pgilchrestku@livejournal.com,Male,53.237.231.153
852,Andriette,Masterton,amastertonkv@mapquest.com,Genderqueer,252.123.160.214
853,Lissa,Duckering,lduckeringkw@home.pl,Female,165.142.58.161
854,Scotty,Mattiuzzi,smattiuzzikx@naver.com,Male,15.35.24.123
855,Sigmund,Nowaczyk,snowaczykky@github.io,Male,17.34.177.168
856,Wallache,Steger,wstegerkz@apache.org,Male,175.242.193.63
857,Paula,McGrae,pmcgrael0@hibu.com,Female,0.217.234.196
858,Hale,Kleinhandler,hkleinhandlerl1@godaddy.com,Male,255.49.231.211
859,Lothario,Blakeborough,lblakeboroughl2@shutterfly.com,Male,146.4.154.41
860,Molly,Guitel,mguitell3@merriam-webster.com,Female,1.180.44.224
861,Sylas,Andreassen,sandreassenl4@go.com,Male,255.223.43.8
862,Jerrie,Jagoe,jjagoel5@tinypic.com,Genderqueer,243.33.128.93
863,Lilla,Mongain,lmongainl6@tmall.com,Polygender,34.17.77.88
864,Marchelle,Bunton,mbuntonl7@hugedomains.com,Female,18.216.226.100
865,Ly,Hynde,lhyndel8@reverbnation.com,Male,177.69.86.143
866,Adi,Stave,astavel9@newyorker.com,Female,110.184.34.21
867,Engelbert,Spaule,espaulela@ox.ac.uk,Male,19.173.219.175
868,Rozanna,Omond,romondlb@nsw.gov.au,Female,227.121.146.89
869,Mirelle,Braid,mbraidlc@sciencedirect.com,Female,197.8.187.86
870,Catlin,Giorgioni,cgiorgionild@arizona.edu,Female,151.207.43.169
871,Arne,Wipper,awipperle@digg.com,Male,159.69.101.62
872,Charyl,Olechnowicz,colechnowiczlf@google.ru,Female,95.174.114.40
873,Viviene,Stiller,vstillerlg@youtube.com,Female,191.213.125.79
874,Zitella,Lorkings,zlorkingslh@histats.com,Female,34.166.231.228
875,Katie,Mellish,kmellishli@fc2.com,Female,210.244.72.248
876,Derron,Matussevich,dmatussevichlj@elegantthemes.com,Male,53.13.106.210
877,Alexi,Ormonde,aormondelk@ft.com,Female,122.36.85.176
878,Latisha,Franzelini,lfranzelinill@gmpg.org,Female,236.44.195.65
879,Wayne,Gaddesby,wgaddesbylm@msn.com,Male,102.191.62.161
880,Barret,Sudell,bsudellln@oakley.com,Male,79.68.37.56
881,Loy,Copley,lcopleylo@php.net,Male,241.169.128.219
882,Colline,Norrey,cnorreylp@addthis.com,Female,166.62.106.60
883,Pietra,Benezeit,pbenezeitlq@google.ru,Female,67.0.211.158
884,Odelle,Exall,oexalllr@seesaa.net,Female,136.26.12.157
885,Ingaborg,Gerckens,igerckensls@canalblog.com,Female,167.223.66.200
886,Clarence,Adicot,cadicotlt@hibu.com,Male,190.235.206.1
887,Elwira,Kiernan,ekiernanlu@irs.gov,Female,46.96.108.250
888,Pinchas,Rickert,prickertlv@yolasite.com,Male,120.192.195.229
889,Dannel,Tiddeman,dtiddemanlw@craigslist.org,Male,228.81.214.25
890,Ab,Belsham,abelshamlx@mashable.com,Male,211.176.70.96
891,Adriena,Catley,acatleyly@army.mil,Female,252.130.153.172
892,Tybi,Dangl,tdangllz@unblog.fr,Female,89.111.171.1
893,Ginni,Levi,glevim0@newsvine.com,Female,86.217.248.92
894,Jenna,Kaszper,jkaszperm1@cdc.gov,Female,196.53.216.143
895,Daron,Avory,davorym2@nyu.edu,Female,100.153.97.31
896,Lay,Mingasson,lmingassonm3@cam.ac.uk,Male,178.48.151.199
897,Janith,Durrett,jdurrettm4@arstechnica.com,Female,245.105.243.208
898,Amandie,Kinworthy,akinworthym5@ow.ly,Genderqueer,194.155.160.183
899,Amos,Brim,abrimm6@so-net.ne.jp,Male,224.100.188.248
900,Rozina,Clemenzo,rclemenzom7@mapy.cz,Female,51.149.94.67
901,Thomasin,Guenther,tguentherm8@scientificamerican.com,Female,81.249.74.81
902,Drew,Sloey,dsloeym9@businessweek.com,Male,49.92.0.93
903,Amity,Kellitt,akellittma@marriott.com,Female,49.145.126.224
904,Elyssa,Dotterill,edotterillmb@imdb.com,Female,202.36.13.65
905,Christoffer,Cluney,ccluneymc@loc.gov,Male,56.106.55.251
906,Buiron,Muckeen,bmuckeenmd@accuweather.com,Male,161.19.252.87
907,Noell,Benzie,nbenzieme@arstechnica.com,Genderqueer,167.212.181.63
908,Katherina,Murtell,kmurtellmf@google.com.hk,Female,55.17.184.85
909,Christen,Jossum,cjossummg@privacy.gov.au,Agender,74.210.228.110
910,Gawen,Kesterton,gkestertonmh@dion.ne.jp,Male,86.60.156.183
911,Salaidh,Dietzler,sdietzlermi@amazon.com,Female,47.59.91.1
912,Donica,Noye,dnoyemj@yahoo.co.jp,Female,39.170.207.41
913,Pet,De Anesy,pdeanesymk@japanpost.jp,Female,83.33.224.34
914,Audrye,Chazelas,achazelasml@nyu.edu,Female,96.210.220.72
915,Immanuel,Domenichini,idomenichinimm@google.com.au,Male,28.198.75.74
916,Noelyn,Thwaites,nthwaitesmn@dyndns.org,Female,112.176.84.38
917,Chandal,Escolme,cescolmemo@dailymail.co.uk,Female,37.115.42.12
918,Calvin,Orrett,correttmp@forbes.com,Male,36.189.243.166
919,Farlee,Mercy,fmercymq@rambler.ru,Male,197.22.77.22
920,Lizabeth,Petken,lpetkenmr@illinois.edu,Female,40.78.2.119
921,Ilyssa,Eastby,ieastbyms@moonfruit.com,Female,240.98.56.108
922,Terry,Alesin,talesinmt@toplist.cz,Female,149.204.63.209
923,Laurianne,Primarolo,lprimarolomu@sciencedirect.com,Female,13.121.126.98
924,Michel,Carillo,mcarillomv@photobucket.com,Agender,136.132.255.72
925,Deloris,Handley,dhandleymw@admin.ch,Female,227.140.74.239
926,Orran,Tewes,otewesmx@yelp.com,Male,213.204.215.179
927,Jesus,Shelbourne,jshelbournemy@earthlink.net,Polygender,1.68.139.4
928,Bar,Fiveash,bfiveashmz@marketwatch.com,Non-binary,2.173.13.162
929,Tremain,Cleynman,tcleynmann0@virginia.edu,Male,102.101.107.213
930,Dyan,McGavigan,dmcgavigann1@nbcnews.com,Female,192.61.56.96
931,Deeann,Celez,dcelezn2@wisc.edu,Female,230.96.142.35
932,Kurtis,Bevens,kbevensn3@biglobe.ne.jp,Male,129.9.204.79
933,Langsdon,Newick,lnewickn4@zimbio.com,Male,243.74.100.248
934,Gar,Madrell,gmadrelln5@yelp.com,Male,148.147.56.114
935,Quintina,Marie,qmarien6@ucoz.ru,Female,83.77.59.193
936,Alicia,Korneluk,akornelukn7@csmonitor.com,Female,77.252.154.39
937,Adela,Gownge,agowngen8@ibm.com,Female,158.175.211.28
938,Rosamond,Ellacombe,rellacomben9@netscape.com,Female,57.242.7.170
939,Ravi,Grady,rgradyna@webeden.co.uk,Male,113.180.109.193
940,Regan,Keywood,rkeywoodnb@deliciousdays.com,Male,165.155.25.218
941,Wolfy,McCluney,wmccluneync@yellowbook.com,Male,94.121.95.160
942,Goldarina,Shury,gshurynd@google.pl,Female,95.211.6.161
943,Creight,Conkay,cconkayne@furl.net,Male,93.33.171.197
944,Janeta,Rickerby,jrickerbynf@multiply.com,Female,172.160.77.93
945,Adah,Gonsalo,agonsalong@bizjournals.com,Female,80.22.168.113
946,Saloma,Bellocht,sbellochtnh@alibaba.com,Female,187.130.64.150
947,Ingra,Jest,ijestni@technorati.com,Male,125.157.162.7
948,Erina,Wiffield,ewiffieldnj@hugedomains.com,Female,14.110.9.51
949,Radcliffe,Prandi,rprandink@omniture.com,Agender,78.248.54.136
950,Kendrick,Jeaves,kjeavesnl@nba.com,Male,2.45.60.163
951,Willetta,Karchewski,wkarchewskinm@list-manage.com,Female,111.245.39.178
952,Dinnie,Chubb,dchubbnn@reuters.com,Female,25.204.131.101
953,Alexio,Carlone,acarloneno@quantcast.com,Male,130.245.227.225
954,Chariot,Freckelton,cfreckeltonnp@wiley.com,Male,57.44.75.254
955,Johna,Bakes,jbakesnq@storify.com,Female,251.70.126.166
956,Katie,Tullot,ktullotnr@bravesites.com,Female,174.136.217.107
957,Nissy,Deering,ndeeringns@npr.org,Female,191.73.108.220
958,Jsandye,Prantoni,jprantonint@google.nl,Genderfluid,18.62.128.117
959,Odilia,Raselles,orasellesnu@sciencedirect.com,Female,1.11.232.9
960,Aura,Chalcot,achalcotnv@linkedin.com,Female,157.225.166.61
961,Gualterio,Sleigh,gsleighnw@facebook.com,Male,106.92.58.155
962,Brennan,Muskett,bmuskettnx@discuz.net,Male,97.231.44.199
963,Abey,Whiskin,awhiskinny@loc.gov,Male,201.88.20.148
964,Yoko,Chetwind,ychetwindnz@skyrock.com,Female,175.198.193.150
965,Sherri,Nance,snanceo0@etsy.com,Female,107.75.140.6
966,Robin,Marshfield,rmarshfieldo1@wikispaces.com,Male,192.1.65.29
967,Coleen,O'Duggan,coduggano2@so-net.ne.jp,Female,110.10.42.68
968,Glynis,Shellibeer,gshellibeero3@elpais.com,Female,213.146.91.129
969,Gaspard,Burne,gburneo4@histats.com,Male,133.43.118.172
970,Gertruda,McEttigen,gmcettigeno5@redcross.org,Female,243.82.226.117
971,Granny,Millom,gmillomo6@ed.gov,Male,237.124.192.16
972,Roobbie,Cochern,rcocherno7@shareasale.com,Female,42.73.167.209
973,Fredra,Capponeer,fcapponeero8@toplist.cz,Female,75.20.251.103
974,D'arcy,Cowlas,dcowlaso9@homestead.com,Male,108.121.50.150
975,Elianora,Winterbourne,ewinterbourneoa@tmall.com,Female,175.0.57.109
976,Eda,Stile,estileob@twitpic.com,Female,44.191.59.108
977,Virgie,Fairlamb,vfairlamboc@msn.com,Female,51.11.136.89
978,Evita,Bassford,ebassfordod@cisco.com,Female,216.43.250.128
979,Curcio,Gilling,cgillingoe@oracle.com,Male,211.117.69.0
980,Horatius,Laydon,hlaydonof@tiny.cc,Male,173.143.168.227
981,Kathryn,Paulmann,kpaulmannog@upenn.edu,Female,233.119.97.106
982,Cliff,Caseri,ccaserioh@altervista.org,Male,168.178.217.254
983,Blaine,Youll,byoulloi@webmd.com,Male,183.171.44.201
984,Constantine,Weth,cwethoj@ucoz.com,Female,118.178.23.164
985,Barbra,Records,brecordsok@google.co.jp,Female,75.15.169.161
986,Lidia,Coatham,lcoathamol@sbwire.com,Female,205.16.149.128
987,Florella,Drexel,fdrexelom@usda.gov,Female,69.109.25.85
988,Fancie,McMychem,fmcmychemon@state.tx.us,Female,78.14.6.35
989,Jamal,Gealle,jgealleoo@paginegialle.it,Genderfluid,39.157.48.217
990,Hunter,Mateja,hmatejaop@amazon.com,Male,54.153.182.141
991,Saidee,Arnholz,sarnholzoq@yale.edu,Female,16.23.27.49
992,Benedikt,Briffett,bbriffettor@time.com,Male,123.219.171.105
993,Ahmed,Wanklin,awanklinos@zimbio.com,Male,221.152.101.201
994,Robbin,Jaimez,rjaimezot@seesaa.net,Female,127.36.197.39
995,Franciskus,Southern,fsouthernou@zdnet.com,Male,83.160.96.200
996,Zena,Bolletti,zbollettiov@de.vu,Female,187.6.73.136
997,Krista,Merrall,kmerrallow@flickr.com,Female,238.124.41.139
998,Bobby,McGinn,bmcginnox@gravatar.com,Polygender,241.102.169.67
999,Anatollo,Thibodeaux,athibodeauxoy@princeton.edu,Male,76.165.165.98
1000,Gare,Dimock,gdimockoz@tmall.com,Male,147.11.156.137
1001,Marcelo,Mancell,mmancellp0@independent.co.uk,Male,61.195.117.12
1002,Arley,Haistwell,ahaistwellp1@ft.com,Male,234.167.146.11
1003,Mirabel,Potzold,mpotzoldp2@msn.com,Female,93.48.140.11
1004,Allyce,Casillis,acasillisp3@123-reg.co.uk,Female,70.83.210.234
1005,Shanta,Blevin,sblevinp4@google.de,Female,110.150.247.81
1006,Lanny,Taggert,ltaggertp5@diigo.com,Male,252.62.196.140
1007,Muriel,Stibbs,mstibbsp6@exblog.jp,Female,236.75.69.185
1008,Eberhard,Sheehan,esheehanp7@china.com.cn,Male,215.77.76.81
1009,Zenia,Feria,zferiap8@newsvine.com,Female,97.217.131.244
1010,Amberly,Riccione,ariccionep9@wisc.edu,Female,140.134.243.184
1011,Brittan,Renwick,brenwickpa@prnewswire.com,Female,57.97.11.84
1012,Audy,Speeding,aspeedingpb@elpais.com,Female,163.152.167.172
1013,Zacharie,Redgrove,zredgrovepc@yale.edu,Male,99.234.144.170
1014,Tracey,Alflat,talflatpd@ning.com,Polygender,236.11.173.73
1015,Tailor,Clementi,tclementipe@typepad.com,Male,75.167.125.251
1016,Bar,Stanton,bstantonpf@ucoz.com,Male,206.201.148.108
1017,Tyne,Blindermann,tblindermannpg@goo.gl,Female,93.244.154.0
1018,Flory,Crosby,fcrosbyph@army.mil,Female,255.138.202.204
1019,Jack,Schrieves,jschrievespi@csmonitor.com,Male,61.235.15.235
1020,Enrichetta,Woodall,ewoodallpj@fastcompany.com,Female,52.64.118.197
1021,Radcliffe,Tackett,rtackettpk@forbes.com,Male,227.182.223.62
1022,Raphael,Vile,rvilepl@reuters.com,Male,125.173.169.96
1023,Natka,Coltart,ncoltartpm@cornell.edu,Female,99.106.214.203
1024,Pen,Jaycock,pjaycockpn@ifeng.com,Bigender,158.3.113.74
1025,Callida,Goldsack,cgoldsackpo@goo.ne.jp,Female,124.145.141.146
1026,Julissa,Fleckno,jflecknopp@delicious.com,Female,204.20.188.17
1027,Malva,Canelas,mcanelaspq@sciencedirect.com,Non-binary,172.172.125.82
1028,Letty,Skelhorn,lskelhornpr@twitter.com,Female,43.68.172.43
1029,Huberto,Dugan,hduganps@istockphoto.com,Male,188.249.240.252
1030,Jayson,Arboine,jarboinept@umich.edu,Male,135.117.56.51
1031,Birgit,Sanches,bsanchespu@godaddy.com,Polygender,16.180.220.115
1032,Lester,Trye,ltryepv@mtv.com,Male,188.183.179.200
1033,Harman,Bungey,hbungeypw@t-online.de,Male,140.170.62.198
1034,Isis,Romayne,iromaynepx@senate.gov,Female,27.244.35.61
1035,Elke,Verrico,everricopy@meetup.com,Female,135.126.6.158
1036,Rhianon,Mollison,rmollisonpz@patch.com,Female,207.118.163.182
1037,Tait,Rajchert,trajchertq0@barnesandnoble.com,Male,84.237.187.78
1038,Jorrie,Elsay,jelsayq1@unc.edu,Female,85.134.95.48
1039,Ruddie,Huckerbe,rhuckerbeq2@360.cn,Male,220.245.8.55
1040,Gunner,Lukas,glukasq3@illinois.edu,Male,93.226.54.28
1041,Ingunna,Minker,iminkerq4@springer.com,Genderfluid,182.110.206.137
1042,Pauli,Phripp,pphrippq5@ca.gov,Female,114.53.132.93
1043,Dianna,Winsborrow,dwinsborrowq6@tinypic.com,Female,162.180.93.45
1044,Nara,McNamara,nmcnamaraq7@usatoday.com,Female,220.185.44.136
1045,Dulcea,Torri,dtorriq8@netlog.com,Female,90.121.121.95
1046,Caryn,Massow,cmassowq9@who.int,Female,64.19.32.78
1047,Mitchel,Gemlbett,mgemlbettqa@cornell.edu,Male,36.36.32.208
1048,Essy,Balderson,ebaldersonqb@cyberchimps.com,Female,247.27.46.126
1049,Cathyleen,Lohde,clohdeqc@microsoft.com,Female,41.18.110.200
1050,Preston,Fattorini,pfattoriniqd@usatoday.com,Male,239.166.80.181
1051,Windham,Lepere,wlepereqe@artisteer.com,Male,213.70.119.173
1052,Dalt,Ames,damesqf@meetup.com,Male,91.180.230.193
1053,Lanita,Huckabe,lhuckabeqg@pbs.org,Female,22.5.150.93
1054,Kassie,Peterson,kpetersonqh@nytimes.com,Female,191.244.239.164
1055,Brannon,Cheeld,bcheeldqi@aboutads.info,Male,142.151.110.112
1056,Adair,Ibbeson,aibbesonqj@msu.edu,Male,223.134.88.56
1057,Tove,Coo,tcooqk@t-online.de,Female,81.195.247.222
1058,Nobe,Lardeur,nlardeurql@arizona.edu,Male,54.253.100.94
1059,Kippy,Kegg,kkeggqm@imageshack.us,Female,111.174.203.37
1060,Shannon,Boffey,sboffeyqn@disqus.com,Female,171.41.248.10
1061,Temple,Horlick,thorlickqo@cargocollective.com,Genderfluid,85.15.214.51
1062,Pansie,Aronstein,paronsteinqp@constantcontact.com,Female,129.113.127.63
1063,Shaylynn,Weekes,sweekesqq@google.es,Female,221.159.118.226
1064,Dimitri,Filippov,dfilippovqr@icio.us,Male,238.227.61.195
1065,Meade,Lenthall,mlenthallqs@google.co.uk,Male,7.146.183.46
1066,Ailene,McKevitt,amckevittqt@hubpages.com,Female,125.179.186.217
1067,Tanny,Dicte,tdictequ@booking.com,Male,1.91.185.238
1068,Joice,Groucutt,jgroucuttqv@creativecommons.org,Female,19.208.196.181
1069,Shelba,Saxelby,ssaxelbyqw@state.tx.us,Female,206.230.214.125
1070,Ignatius,Doleman,idolemanqx@google.fr,Male,127.46.14.69
1071,Sly,Cramer,scramerqy@sciencedirect.com,Male,69.33.209.219
1072,Cynthia,Margetts,cmargettsqz@nhs.uk,Female,187.211.222.202
1073,Patsy,Karolowski,pkarolowskir0@elpais.com,Genderfluid,20.0.106.32
1074,Dion,Bessent,dbessentr1@yellowpages.com,Male,220.56.82.194
1075,Jard,Neylan,jneylanr2@apple.com,Genderqueer,139.125.31.243
1076,Timofei,Radbourne,tradbourner3@mail.ru,Male,242.206.25.52
1077,Olav,Sleney,osleneyr4@etsy.com,Male,222.57.235.190
1078,Phillie,Greenhowe,pgreenhower5@mapquest.com,Agender,85.183.230.200
1079,Flinn,Baddoe,fbaddoer6@twitter.com,Male,200.191.250.10
1080,Richmond,Leades,rleadesr7@archive.org,Male,91.215.201.226
1081,Ashla,Weatherhead,aweatherheadr8@dedecms.com,Genderfluid,8.253.132.129
1082,Grazia,Ojeda,gojedar9@indiatimes.com,Female,5.1.207.192
1083,Zerk,Gass,zgassra@goo.ne.jp,Male,42.117.22.191
1084,Jacklyn,Blazy,jblazyrb@hao123.com,Female,119.179.44.65
1085,Brod,Roan,broanrc@photobucket.com,Male,173.111.215.198
1086,Amandi,Staunton,astauntonrd@ifeng.com,Female,144.117.73.117
1087,Skelly,Harlin,sharlinre@paypal.com,Male,213.130.105.78
1088,Brit,Shelly,bshellyrf@independent.co.uk,Male,116.180.206.183
1089,Hettie,Kippie,hkippierg@amazon.com,Female,233.194.163.249
1090,Leonidas,Rohloff,lrohloffrh@ihg.com,Male,179.156.42.144
1091,Curry,Lumm,clummri@ameblo.jp,Male,219.192.22.0
1092,Nathalie,Gilyatt,ngilyattrj@tiny.cc,Female,55.175.95.206
1093,Madelle,Tweddell,mtweddellrk@yandex.ru,Bigender,178.180.173.205
1094,Kassandra,Marquez,kmarquezrl@techcrunch.com,Female,71.64.29.247
1095,Lauri,Tickel,ltickelrm@mozilla.org,Female,54.87.15.204
1096,Somerset,Jouandet,sjouandetrn@1688.com,Male,236.53.239.195
1097,Catlaina,Macartney,cmacartneyro@blinklist.com,Female,213.204.184.56
1098,Malissa,Jollands,mjollandsrp@google.nl,Female,120.140.199.157
1099,Beverley,Peat,bpeatrq@wix.com,Female,39.57.46.125
1100,Ruy,Jenyns,rjenynsrr@netvibes.com,Male,6.221.98.148
